#
# A fatal error has been detected by the Java Runtime Environment:
#
#  SIGSEGV (0xb) at pc=0x00000001077b7858, pid=66295, tid=259
#
# JRE version: OpenJDK Runtime Environment Homebrew (21.0.9) (build 21.0.9)
# Java VM: OpenJDK 64-Bit Server VM Homebrew (21.0.9, mixed mode, sharing, tiered, compressed oops, compressed class ptrs, g1 gc, bsd-aarch64)
# Problematic frame:
# C  [libglass.dylib+0x23858]  Java_com_sun_glass_ui_mac_MacView__1enableInputMethodEvents+0x617c
#
# No core dump will be written. Core dumps have been disabled. To enable core dumping, try "ulimit -c unlimited" before starting Java again
#
# If you would like to submit a bug report, please visit:
#   https://github.com/Homebrew/homebrew-core/issues
#

---------------  S U M M A R Y ------------

Command Line: -Djavafx.cachedir=/tmp/pbl3-javafx-cache --module-path=/Users/macbook/.m2/repository/org/openjfx/javafx-base/21.0.1/javafx-base-21.0.1-mac-aarch64.jar:/Users/macbook/.m2/repository/org/openjfx/javafx-base/21.0.1/javafx-base-21.0.1.jar:/Users/macbook/.m2/repository/org/openjfx/javafx-controls/21.0.1/javafx-controls-21.0.1-mac-aarch64.jar:/Users/macbook/.m2/repository/org/openjfx/javafx-controls/21.0.1/javafx-controls-21.0.1.jar:/Users/macbook/.m2/repository/org/openjfx/javafx-fxml/21.0.1/javafx-fxml-21.0.1-mac-aarch64.jar:/Users/macbook/.m2/repository/org/openjfx/javafx-fxml/21.0.1/javafx-fxml-21.0.1.jar:/Users/macbook/.m2/repository/org/openjfx/javafx-graphics/21.0.1/javafx-graphics-21.0.1-mac-aarch64.jar:/Users/macbook/.m2/repository/org/openjfx/javafx-graphics/21.0.1/javafx-graphics-21.0.1.jar --add-modules=javafx.base,javafx.controls,javafx.fxml,javafx.graphics com.pbl3.project.pbl3_project.SalesManagementDesktopApplication

Host: "MacBookPro17,1" arm64, 8 cores, 8G, Darwin 25.3.0, macOS 26.3.1 (25D2128)
Time: Fri May 22 17:33:33 2026 +07 elapsed time: 4733.671208 seconds (0d 1h 18m 53s)

---------------  T H R E A D  ---------------

Current thread is native thread

Stack: [0x000000016f288000,0x000000016fa84000],  sp=0x000000016fa7cb00,  free space=8146k
Native frames: (J=compiled Java code, j=interpreted, Vv=VM code, C=native code)
C  [libglass.dylib+0x23858]  Java_com_sun_glass_ui_mac_MacView__1enableInputMethodEvents+0x617c
C  [CoreFoundation+0x56494]  __CFNOTIFICATIONCENTER_IS_CALLING_OUT_TO_AN_OBSERVER__+0x94
C  [CoreFoundation+0xbaf54]  ___CFXRegistrationPost_block_invoke+0x5c
C  [CoreFoundation+0xbae98]  _CFXRegistrationPost+0x1b4
C  [CoreFoundation+0x34f94]  _CFXNotificationPost+0x2e4
C  [Foundation+0xa0c6d0]  -[NSNotificationCenter postNotificationName:object:userInfo:]+0x58
C  [AppKit+0xd11874]  -[NSWindow _wmWindowTilingStateDidChange]+0x50
C  [AppKit+0x2353b8]  keypath_get_selector_isVisible+0x934
C  [Foundation+0x932e0]  $s10Foundation27_KeyValueCodingAndObservingPAAE7observe_7options13changeHandlerAA05NSKeyC11ObservationCs0B4PathCyxqd__G_So0kcF7OptionsVyx_AA0kC14ObservedChangeVyqd__GtctlFySo8NSObjectC_AOyypGtYbcfU_+0x1d8
C  [Foundation+0x96484]  $s10Foundation21NSKeyValueObservationC6Helper33_6DA0945A07226B3278459E9368612FF4LLC019_swizzle_me_observeC010forKeyPath2of6change7contextySSSg_ypSgSDySo8NSStringCypGSgSvSgtFTf4dnndn_n+0x1558
C  [Foundation+0x92c78]  $s10Foundation21NSKeyValueObservationC6Helper33_6DA0945A07226B3278459E9368612FF4LLC019_swizzle_me_observeC010forKeyPath2of6change7contextySSSg_ypSgSDySo8NSStringCypGSgSvSgtFTo+0xc0
C  [Foundation+0x18498]  NSKeyValueNotifyObserver+0xfc
C  [Foundation+0x60650]  NSKeyValueDidChange+0x184
C  [Foundation+0x9f097c]  -[NSObject(NSKeyValueObservingPrivate) _changeValueForKeys:count:maybeOldValuesDict:maybeNewValuesDict:usingBlock:]+0x2d8
C  [Foundation+0x9f0a28]  -[NSObject(NSKeyValueObservingPrivate) _changeValueForKey:key:key:usingBlock:]+0x40
C  [Foundation+0x2f754]  _NSSetObjectValueAndNotify+0x190
C  [WindowManagement+0x9940]  __64-[_WMWindow(ServerDrivenProperties) applyAgentPropertySnapshot:]_block_invoke+0x11c
C  [WindowManagement+0x9074]  -[_WMWindow performUpdatesUsingBlock:]+0x38
C  [WindowManagement+0x9804]  -[_WMWindow(ServerDrivenProperties) applyAgentPropertySnapshot:]+0x7c
C  [WindowManagement+0xedc4]  __53-[WMClientWindowManager applyAgentPropertySnapshots:]_block_invoke+0xf4
C  [libdispatch.dylib+0x1b5c]  _dispatch_call_block_and_release+0x20
C  [libdispatch.dylib+0x1bad4]  _dispatch_client_callout+0x10
C  [libdispatch.dylib+0x390d0]  _dispatch_main_queue_drain.cold.5+0x32c
C  [libdispatch.dylib+0x10f48]  _dispatch_main_queue_drain+0xb4
C  [libdispatch.dylib+0x10e84]  _dispatch_main_queue_callback_4CF+0x2c
C  [CoreFoundation+0x899a0]  __CFRUNLOOP_IS_SERVICING_THE_MAIN_DISPATCH_QUEUE__+0x10
C  [CoreFoundation+0x5e7fc]  __CFRunLoopRun+0x798
C  [CoreFoundation+0x118f3c]  _CFRunLoopRunSpecificWithOptions+0x214
C  [libjli.dylib+0x7dfc]  CreateExecutionEnvironment+0x190
C  [libjli.dylib+0x3fd0]  JLI_Launch+0x470
C  [java+0x2164]  main+0x184
C  [dyld+0x8d54]  start+0x1c10

siginfo: si_signo: 11 (SIGSEGV), si_code: 2 (SEGV_ACCERR), si_addr: 0x0000000000000000

Registers:
 x0=0x00000000000000ae  x1=0x0000100000000000  x2=0xffffffffb0000000  x3=0x0000000000000060
 x4=0xfffff0007fc00000  x5=0x000000000000001a  x6=0x000000000000000a  x7=0x0000000000000270
 x8=0x0000000000000000  x9=0x00000000ffbfd79b x10=0x0000000000000000 x11=0x0000000000000000
x12=0x003531a900402864 x13=0x0035201700402400 x14=0x0000000000002800 x15=0x000001a900000064
x16=0x952d000ba4ea5000 x17=0x0000000352017400 x18=0x0000000000000000 x19=0x0000000ba704a6c0
x20=0x0000000000000000 x21=0x0000000000000000 x22=0x00000001077dd4b8 x23=0x0000000ba4ea5100
x24=0x0000000000000000 x25=0x0000000000041400 x26=0x0000000000000000 x27=0x0000005f00000069
x28=0x000000016fa7d028  fp=0x000000016fa7cf70  lr=0x00000001077b7854  sp=0x000000016fa7cb00
pc=0x00000001077b7858 cpsr=0x0000000000001000

Top of Stack: (sp=0x000000016fa7cb00)
0x000000016fa7cb00:   00000001077c8619 00000001077c8560
0x000000016fa7cb10:   0000000000000054 00000001077b7818
0x000000016fa7cb20:   000000018d809494 000000018d86df54
0x000000016fa7cb30:   000000018d86de98 000000018d7e7f94
0x000000016fa7cb40:   000000018fa126d0 000000019291d874
0x000000016fa7cb50:   0000000191e413b8 000000018f0992e0
0x000000016fa7cb60:   000000018f09c484 000000018f098c78
0x000000016fa7cb70:   000000018f01e498 000000018f066650
0x000000016fa7cb80:   000000018f9f697c 000000018f9f6a28
0x000000016fa7cb90:   000000018f035754 0000000284480940
0x000000016fa7cba0:   0000000284480074 0000000284480804
0x000000016fa7cbb0:   0000000284485dc4 000000018d5b6b5c
0x000000016fa7cbc0:   000000018d5d0ad4 000000018d5ee0d0
0x000000016fa7cbd0:   000000018d5c5f48 000000018d5c5e84
0x000000016fa7cbe0:   000000018d83c9a0 000000018d8117fc
0x000000016fa7cbf0:   000000018d8cbf3c 00000001003bbdfc
0x000000016fa7cc00:   00000001003b7fd0 000000010037e164
0x000000016fa7cc10:   000000018d3a9d54 0000000000000000
0x000000016fa7cc20:   000000011689a328 0000000000000035
0x000000016fa7cc30:   0000000116899d08 000000016fa70001
0x000000016fa7cc40:   0000000116899d80 0000000116899d80
0x000000016fa7cc50:   000000011689a328 0000000116899d80
0x000000016fa7cc60:   000000011689a328 000000011689a430
0x000000016fa7cc70:   000000010d1381d8 000000016fa7cc00
0x000000016fa7cc80:   000000010000000d 000000016fa7cdd0
0x000000016fa7cc90:   000000016fa7d028 0000005f00000069
0x000000016fa7cca0:   0000000000000000 00000001f9b4ddb8
0x000000016fa7ccb0:   000000016fa7cdd0 000000016fa7cdb8
0x000000016fa7ccc0:   000000016fa7ce78 000000016fa7ce68
0x000000016fa7ccd0:   000000016fa7ce70 00000001f9b5d0a0
0x000000016fa7cce0:   000000016fa7cda0 00000001a0bf8b94
0x000000016fa7ccf0:   000000b00011d0e0 00000001f9b4dde0 

Instructions: (pc=0x00000001077b7858)
0x00000001077b7758:   c0 03 5f d6 54 1e 00 94 e9 23 ba 6d fa 67 01 a9
0x00000001077b7768:   f8 5f 02 a9 f6 57 03 a9 f4 4f 04 a9 fd 7b 05 a9
0x00000001077b7778:   fd 43 01 91 ff 83 10 d1 1f 20 03 d5 e8 4c 0c 58
0x00000001077b7788:   08 01 40 f9 a8 83 1a f8 1f 20 03 d5 1f 20 03 d5
0x00000001077b7798:   c8 7a 11 98 08 68 68 38 e8 08 00 35 28 40 60 1e
0x00000001077b77a8:   09 40 60 1e f3 03 00 aa 1f 20 03 d5 1f 20 03 d5
0x00000001077b77b8:   08 7a 11 98 08 00 08 8b 00 01 00 fd 01 05 00 fd
0x00000001077b77c8:   96 e7 12 10 1f 20 03 d5 d4 02 40 f9 34 04 00 b5
0x00000001077b77d8:   1f 20 03 d5 68 4a 0c 58 00 01 40 f9 8a 0a 80 52
0x00000001077b77e8:   c8 6b 08 10 1f 20 03 d5 49 71 08 30 1f 20 03 d5
0x00000001077b77f8:   e8 ab 00 a9 e9 03 00 f9 21 ee 06 50 1f 20 03 d5
0x00000001077b7808:   53 1e 00 94 e0 63 00 91 01 10 80 52 32 1e 00 94
0x00000001077b7818:   f5 03 00 aa e0 63 00 91 e1 03 15 aa 31 1e 00 94
0x00000001077b7828:   f4 03 00 aa bf 06 00 71 eb 00 00 54 f5 03 15 2a
0x00000001077b7838:   f7 03 14 aa e0 86 40 f8 26 1f 00 94 b5 06 00 f1
0x00000001077b7848:   a1 ff ff 54 e0 03 14 aa 47 1e 00 94 d4 02 40 f9
0x00000001077b7858:   88 02 40 f9 17 f5 40 f9 1f 20 03 d5 1f 20 03 d5
0x00000001077b7868:   a8 72 11 98 75 6a 68 f8 1f 20 03 d5 1f 20 03 d5
0x00000001077b7878:   38 01 78 1e 19 01 78 1e 96 e4 12 58 1f 20 03 d5
0x00000001077b7888:   1f 20 03 d5 a8 71 11 98 60 6a 68 f8 c3 29 00 94
0x00000001077b7898:   e8 03 00 2a f9 a3 00 a9 f8 03 00 f9 e0 03 14 aa
0x00000001077b78a8:   e1 03 15 aa e2 03 16 aa e0 02 3f d6 e0 03 13 aa
0x00000001077b78b8:   ba 22 00 94 a8 83 5a f8 1f 20 03 d5 e9 42 0c 58
0x00000001077b78c8:   29 01 40 f9 3f 01 08 eb 21 01 00 54 ff 83 10 91
0x00000001077b78d8:   fd 7b 45 a9 f4 4f 44 a9 f6 57 43 a9 f8 5f 42 a9
0x00000001077b78e8:   fa 67 41 a9 e9 23 c6 6c c0 03 5f d6 ee 1d 00 94
0x00000001077b78f8:   e9 23 ba 6d fc 6f 01 a9 f8 5f 02 a9 f6 57 03 a9
0x00000001077b7908:   f4 4f 04 a9 fd 7b 05 a9 fd 43 01 91 ff 83 10 d1
0x00000001077b7918:   1f 20 03 d5 28 40 0c 58 08 01 40 f9 a8 83 1a f8
0x00000001077b7928:   1f 20 03 d5 1f 20 03 d5 28 6e 11 98 08 68 68 38
0x00000001077b7938:   a8 09 00 35 68 40 60 1e 49 40 60 1e f4 03 02 aa
0x00000001077b7948:   f3 03 00 aa 77 db 12 10 1f 20 03 d5 f5 02 40 f9 



---------------  P R O C E S S  ---------------

VM state: at safepoint (normal execution)

VM Mutex/Monitor currently owned by a thread:  ([mutex/lock_event])
[0x000000010d1eb9d0] Threads_lock - owner thread: 0x0000000ba7465800
[0x000000010d1eba50] Heap_lock - owner thread: 0x0000000ba8c10e00

Heap address: 0x0000000780000000, size: 2048 MB, Compressed Oops mode: Zero based, Oop shift amount: 3

CDS archive(s) mapped at: [0x000000b000000000-0x000000b000c9c000-0x000000b000c9c000), size 13221888, SharedBaseAddress: 0x000000b000000000, ArchiveRelocationMode: 1.
Compressed class space mapped at: 0x000000b001000000-0x000000b041000000, reserved size: 1073741824
Narrow klass base: 0x000000b000000000, Narrow klass shift: 0, Narrow klass range: 0x100000000

GC Precious Log:
<Skipped>

Heap:
 garbage-first heap   total 180224K, used 102208K [0x0000000780000000, 0x0000000800000000)
  region size 1024K, 6 young (6144K), 5 survivors (5120K)
 Metaspace       used 120866K, committed 122304K, reserved 1179648K
  class space    used 16775K, committed 17408K, reserved 1048576K

Heap Regions: E=young(eden), S=young(survivor), O=old, HS=humongous(starts), HC=humongous(continues), CS=collection set, F=free, TAMS=top-at-mark-start, PB=parsable bottom
|   0|0x0000000780000000, 0x0000000780100000, 0x0000000780100000|100%|HS|  |TAMS 0x0000000780100000| PB 0x0000000780000000| Complete 
|   1|0x0000000780100000, 0x0000000780200000, 0x0000000780200000|100%|HS|  |TAMS 0x0000000780200000| PB 0x0000000780100000| Complete 
|   2|0x0000000780200000, 0x0000000780300000, 0x0000000780300000|100%| O|  |TAMS 0x0000000780300000| PB 0x0000000780200000| Untracked 
|   3|0x0000000780300000, 0x0000000780400000, 0x0000000780400000|100%| O|  |TAMS 0x0000000780400000| PB 0x0000000780300000| Untracked 
|   4|0x0000000780400000, 0x0000000780500000, 0x0000000780500000|100%| O|  |TAMS 0x0000000780500000| PB 0x0000000780400000| Untracked 
|   5|0x0000000780500000, 0x0000000780600000, 0x0000000780600000|100%| O|  |TAMS 0x0000000780600000| PB 0x0000000780500000| Untracked 
|   6|0x0000000780600000, 0x0000000780700000, 0x0000000780700000|100%| O|  |TAMS 0x0000000780700000| PB 0x0000000780600000| Untracked 
|   7|0x0000000780700000, 0x0000000780800000, 0x0000000780800000|100%| O|  |TAMS 0x0000000780800000| PB 0x0000000780700000| Untracked 
|   8|0x0000000780800000, 0x0000000780900000, 0x0000000780900000|100%| O|  |TAMS 0x0000000780900000| PB 0x0000000780800000| Untracked 
|   9|0x0000000780900000, 0x0000000780a00000, 0x0000000780a00000|100%| O|  |TAMS 0x0000000780a00000| PB 0x0000000780900000| Untracked 
|  10|0x0000000780a00000, 0x0000000780b00000, 0x0000000780b00000|100%| O|  |TAMS 0x0000000780b00000| PB 0x0000000780a00000| Untracked 
|  11|0x0000000780b00000, 0x0000000780c00000, 0x0000000780c00000|100%| O|  |TAMS 0x0000000780c00000| PB 0x0000000780b00000| Untracked 
|  12|0x0000000780c00000, 0x0000000780d00000, 0x0000000780d00000|100%| O|  |TAMS 0x0000000780d00000| PB 0x0000000780c00000| Untracked 
|  13|0x0000000780d00000, 0x0000000780e00000, 0x0000000780e00000|100%| O|  |TAMS 0x0000000780e00000| PB 0x0000000780d00000| Untracked 
|  14|0x0000000780e00000, 0x0000000780f00000, 0x0000000780f00000|100%| O|  |TAMS 0x0000000780f00000| PB 0x0000000780e00000| Untracked 
|  15|0x0000000780f00000, 0x0000000781000000, 0x0000000781000000|100%| O|  |TAMS 0x0000000781000000| PB 0x0000000780f00000| Untracked 
|  16|0x0000000781000000, 0x0000000781100000, 0x0000000781100000|100%| O|  |TAMS 0x0000000781100000| PB 0x0000000781000000| Untracked 
|  17|0x0000000781100000, 0x0000000781200000, 0x0000000781200000|100%| O|  |TAMS 0x0000000781200000| PB 0x0000000781100000| Untracked 
|  18|0x0000000781200000, 0x0000000781300000, 0x0000000781300000|100%| O|  |TAMS 0x0000000781300000| PB 0x0000000781200000| Untracked 
|  19|0x0000000781300000, 0x0000000781400000, 0x0000000781400000|100%| O|  |TAMS 0x0000000781400000| PB 0x0000000781300000| Untracked 
|  20|0x0000000781400000, 0x0000000781500000, 0x0000000781500000|100%| O|  |TAMS 0x0000000781500000| PB 0x0000000781400000| Untracked 
|  21|0x0000000781500000, 0x0000000781600000, 0x0000000781600000|100%| O|  |TAMS 0x0000000781600000| PB 0x0000000781500000| Untracked 
|  22|0x0000000781600000, 0x0000000781700000, 0x0000000781700000|100%| O|  |TAMS 0x0000000781700000| PB 0x0000000781600000| Untracked 
|  23|0x0000000781700000, 0x0000000781800000, 0x0000000781800000|100%| O|  |TAMS 0x0000000781800000| PB 0x0000000781700000| Untracked 
|  24|0x0000000781800000, 0x0000000781900000, 0x0000000781900000|100%| O|  |TAMS 0x0000000781900000| PB 0x0000000781800000| Untracked 
|  25|0x0000000781900000, 0x0000000781a00000, 0x0000000781a00000|100%| O|  |TAMS 0x0000000781a00000| PB 0x0000000781900000| Untracked 
|  26|0x0000000781a00000, 0x0000000781b00000, 0x0000000781b00000|100%| O|  |TAMS 0x0000000781b00000| PB 0x0000000781a00000| Untracked 
|  27|0x0000000781b00000, 0x0000000781c00000, 0x0000000781c00000|100%| O|  |TAMS 0x0000000781c00000| PB 0x0000000781b00000| Untracked 
|  28|0x0000000781c00000, 0x0000000781d00000, 0x0000000781d00000|100%| O|  |TAMS 0x0000000781d00000| PB 0x0000000781c00000| Untracked 
|  29|0x0000000781d00000, 0x0000000781e00000, 0x0000000781e00000|100%| O|  |TAMS 0x0000000781e00000| PB 0x0000000781d00000| Untracked 
|  30|0x0000000781e00000, 0x0000000781f00000, 0x0000000781f00000|100%| O|  |TAMS 0x0000000781f00000| PB 0x0000000781e00000| Untracked 
|  31|0x0000000781f00000, 0x0000000782000000, 0x0000000782000000|100%| O|  |TAMS 0x0000000782000000| PB 0x0000000781f00000| Untracked 
|  32|0x0000000782000000, 0x0000000782100000, 0x0000000782100000|100%| O|  |TAMS 0x0000000782100000| PB 0x0000000782000000| Untracked 
|  33|0x0000000782100000, 0x0000000782200000, 0x0000000782200000|100%| O|  |TAMS 0x0000000782200000| PB 0x0000000782100000| Untracked 
|  34|0x0000000782200000, 0x0000000782300000, 0x0000000782300000|100%| O|  |TAMS 0x0000000782300000| PB 0x0000000782200000| Untracked 
|  35|0x0000000782300000, 0x0000000782400000, 0x0000000782400000|100%| O|  |TAMS 0x0000000782400000| PB 0x0000000782300000| Untracked 
|  36|0x0000000782400000, 0x0000000782500000, 0x0000000782500000|100%| O|  |TAMS 0x0000000782500000| PB 0x0000000782400000| Untracked 
|  37|0x0000000782500000, 0x0000000782600000, 0x0000000782600000|100%| O|  |TAMS 0x0000000782600000| PB 0x0000000782500000| Untracked 
|  38|0x0000000782600000, 0x0000000782700000, 0x0000000782700000|100%| O|  |TAMS 0x0000000782700000| PB 0x0000000782600000| Untracked 
|  39|0x0000000782700000, 0x0000000782800000, 0x0000000782800000|100%| O|  |TAMS 0x0000000782800000| PB 0x0000000782700000| Untracked 
|  40|0x0000000782800000, 0x0000000782900000, 0x0000000782900000|100%| O|  |TAMS 0x0000000782900000| PB 0x0000000782800000| Untracked 
|  41|0x0000000782900000, 0x0000000782a00000, 0x0000000782a00000|100%| O|  |TAMS 0x0000000782a00000| PB 0x0000000782900000| Untracked 
|  42|0x0000000782a00000, 0x0000000782b00000, 0x0000000782b00000|100%| O|  |TAMS 0x0000000782b00000| PB 0x0000000782a00000| Untracked 
|  43|0x0000000782b00000, 0x0000000782c00000, 0x0000000782c00000|100%| O|  |TAMS 0x0000000782c00000| PB 0x0000000782b00000| Untracked 
|  44|0x0000000782c00000, 0x0000000782d00000, 0x0000000782d00000|100%| O|  |TAMS 0x0000000782d00000| PB 0x0000000782c00000| Untracked 
|  45|0x0000000782d00000, 0x0000000782e00000, 0x0000000782e00000|100%| O|  |TAMS 0x0000000782e00000| PB 0x0000000782d00000| Untracked 
|  46|0x0000000782e00000, 0x0000000782f00000, 0x0000000782f00000|100%| O|  |TAMS 0x0000000782f00000| PB 0x0000000782e00000| Untracked 
|  47|0x0000000782f00000, 0x0000000783000000, 0x0000000783000000|100%| O|  |TAMS 0x0000000783000000| PB 0x0000000782f00000| Untracked 
|  48|0x0000000783000000, 0x0000000783100000, 0x0000000783100000|100%| O|  |TAMS 0x0000000783100000| PB 0x0000000783000000| Untracked 
|  49|0x0000000783100000, 0x0000000783200000, 0x0000000783200000|100%|HS|  |TAMS 0x0000000783200000| PB 0x0000000783100000| Complete 
|  50|0x0000000783200000, 0x0000000783300000, 0x0000000783300000|100%|HC|  |TAMS 0x0000000783300000| PB 0x0000000783200000| Complete 
|  51|0x0000000783300000, 0x0000000783400000, 0x0000000783400000|100%| O|  |TAMS 0x0000000783400000| PB 0x0000000783300000| Untracked 
|  52|0x0000000783400000, 0x0000000783500000, 0x0000000783500000|100%| O|  |TAMS 0x00000007834acce0| PB 0x0000000783400000| Untracked 
|  53|0x0000000783500000, 0x0000000783600000, 0x0000000783600000|100%| O|  |TAMS 0x0000000783500000| PB 0x0000000783500000| Untracked 
|  54|0x0000000783600000, 0x0000000783700000, 0x0000000783700000|100%| O|  |TAMS 0x0000000783700000| PB 0x0000000783600000| Untracked 
|  55|0x0000000783700000, 0x0000000783800000, 0x0000000783800000|100%| O|  |TAMS 0x0000000783800000| PB 0x0000000783700000| Untracked 
|  56|0x0000000783800000, 0x0000000783900000, 0x0000000783900000|100%| O|  |TAMS 0x0000000783900000| PB 0x0000000783800000| Untracked 
|  57|0x0000000783900000, 0x0000000783a00000, 0x0000000783a00000|100%| O|  |TAMS 0x0000000783a00000| PB 0x0000000783900000| Untracked 
|  58|0x0000000783a00000, 0x0000000783b00000, 0x0000000783b00000|100%| O|  |TAMS 0x0000000783b00000| PB 0x0000000783a00000| Untracked 
|  59|0x0000000783b00000, 0x0000000783c00000, 0x0000000783c00000|100%| O|  |TAMS 0x0000000783c00000| PB 0x0000000783b00000| Untracked 
|  60|0x0000000783c00000, 0x0000000783d00000, 0x0000000783d00000|100%| O|  |TAMS 0x0000000783d00000| PB 0x0000000783c00000| Untracked 
|  61|0x0000000783d00000, 0x0000000783e00000, 0x0000000783e00000|100%| O|  |TAMS 0x0000000783e00000| PB 0x0000000783d00000| Untracked 
|  62|0x0000000783e00000, 0x0000000783f00000, 0x0000000783f00000|100%| O|  |TAMS 0x0000000783e00000| PB 0x0000000783e00000| Untracked 
|  63|0x0000000783f00000, 0x0000000784000000, 0x0000000784000000|100%| O|  |TAMS 0x0000000784000000| PB 0x0000000783f00000| Untracked 
|  64|0x0000000784000000, 0x0000000784100000, 0x0000000784100000|100%| O|  |TAMS 0x0000000784100000| PB 0x0000000784000000| Untracked 
|  65|0x0000000784100000, 0x0000000784200000, 0x0000000784200000|100%| O|  |TAMS 0x0000000784200000| PB 0x0000000784100000| Untracked 
|  66|0x0000000784200000, 0x0000000784300000, 0x0000000784300000|100%| O|  |TAMS 0x0000000784300000| PB 0x0000000784200000| Untracked 
|  67|0x0000000784300000, 0x0000000784400000, 0x0000000784400000|100%| O|  |TAMS 0x0000000784400000| PB 0x0000000784300000| Untracked 
|  68|0x0000000784400000, 0x0000000784500000, 0x0000000784500000|100%| O|  |TAMS 0x0000000784500000| PB 0x0000000784400000| Untracked 
|  69|0x0000000784500000, 0x0000000784600000, 0x0000000784600000|100%| O|  |TAMS 0x0000000784600000| PB 0x0000000784500000| Untracked 
|  70|0x0000000784600000, 0x0000000784700000, 0x0000000784700000|100%| O|  |TAMS 0x0000000784600000| PB 0x0000000784600000| Untracked 
|  71|0x0000000784700000, 0x0000000784800000, 0x0000000784800000|100%| O|  |TAMS 0x0000000784700000| PB 0x0000000784700000| Untracked 
|  72|0x0000000784800000, 0x0000000784900000, 0x0000000784900000|100%| O|  |TAMS 0x0000000784800000| PB 0x0000000784800000| Untracked 
|  73|0x0000000784900000, 0x0000000784a00000, 0x0000000784a00000|100%| O|  |TAMS 0x0000000784900000| PB 0x0000000784900000| Untracked 
|  74|0x0000000784a00000, 0x0000000784b00000, 0x0000000784b00000|100%| O|  |TAMS 0x0000000784a00000| PB 0x0000000784a00000| Untracked 
|  75|0x0000000784b00000, 0x0000000784b00000, 0x0000000784c00000|  0%| F|  |TAMS 0x0000000784b00000| PB 0x0000000784b00000| Untracked 
|  76|0x0000000784c00000, 0x0000000784c00000, 0x0000000784d00000|  0%| F|  |TAMS 0x0000000784c00000| PB 0x0000000784c00000| Untracked 
|  77|0x0000000784d00000, 0x0000000784d00000, 0x0000000784e00000|  0%| F|  |TAMS 0x0000000784d00000| PB 0x0000000784d00000| Untracked 
|  78|0x0000000784e00000, 0x0000000784f00000, 0x0000000784f00000|100%|HS|  |TAMS 0x0000000784f00000| PB 0x0000000784e00000| Complete 
|  79|0x0000000784f00000, 0x0000000785000000, 0x0000000785000000|100%|HC|  |TAMS 0x0000000785000000| PB 0x0000000784f00000| Complete 
|  80|0x0000000785000000, 0x0000000785100000, 0x0000000785100000|100%|HC|  |TAMS 0x0000000785100000| PB 0x0000000785000000| Complete 
|  81|0x0000000785100000, 0x0000000785100000, 0x0000000785200000|  0%| F|  |TAMS 0x0000000785100000| PB 0x0000000785100000| Untracked 
|  82|0x0000000785200000, 0x0000000785200000, 0x0000000785300000|  0%| F|  |TAMS 0x0000000785200000| PB 0x0000000785200000| Untracked 
|  83|0x0000000785300000, 0x0000000785300000, 0x0000000785400000|  0%| F|  |TAMS 0x0000000785300000| PB 0x0000000785300000| Untracked 
|  84|0x0000000785400000, 0x0000000785400000, 0x0000000785500000|  0%| F|  |TAMS 0x0000000785400000| PB 0x0000000785400000| Untracked 
|  85|0x0000000785500000, 0x00000007855d0020, 0x0000000785600000| 81%| S|CS|TAMS 0x0000000785500000| PB 0x0000000785500000| Complete 
|  86|0x0000000785600000, 0x0000000785600000, 0x0000000785700000|  0%| F|  |TAMS 0x0000000785600000| PB 0x0000000785600000| Untracked 
|  87|0x0000000785700000, 0x0000000785700000, 0x0000000785800000|  0%| F|  |TAMS 0x0000000785700000| PB 0x0000000785700000| Untracked 
|  88|0x0000000785800000, 0x0000000785800000, 0x0000000785900000|  0%| F|  |TAMS 0x0000000785800000| PB 0x0000000785800000| Untracked 
|  89|0x0000000785900000, 0x0000000785a00000, 0x0000000785a00000|100%| O|  |TAMS 0x0000000785a00000| PB 0x0000000785900000| Untracked 
|  90|0x0000000785a00000, 0x0000000785b00000, 0x0000000785b00000|100%| O|  |TAMS 0x0000000785b00000| PB 0x0000000785a00000| Untracked 
|  91|0x0000000785b00000, 0x0000000785c00000, 0x0000000785c00000|100%| O|  |TAMS 0x0000000785c00000| PB 0x0000000785b00000| Untracked 
|  92|0x0000000785c00000, 0x0000000785d00000, 0x0000000785d00000|100%| S|CS|TAMS 0x0000000785c00000| PB 0x0000000785c00000| Complete 
|  93|0x0000000785d00000, 0x0000000785e00000, 0x0000000785e00000|100%| S|CS|TAMS 0x0000000785d00000| PB 0x0000000785d00000| Complete 
|  94|0x0000000785e00000, 0x0000000785f00000, 0x0000000785f00000|100%| S|CS|TAMS 0x0000000785e00000| PB 0x0000000785e00000| Complete 
|  95|0x0000000785f00000, 0x0000000786000000, 0x0000000786000000|100%| S|CS|TAMS 0x0000000785f00000| PB 0x0000000785f00000| Complete 
|  96|0x0000000786000000, 0x0000000786100000, 0x0000000786100000|100%|HS|  |TAMS 0x0000000786100000| PB 0x0000000786000000| Complete 
|  97|0x0000000786100000, 0x0000000786200000, 0x0000000786200000|100%|HC|  |TAMS 0x0000000786200000| PB 0x0000000786100000| Complete 
|  98|0x0000000786200000, 0x0000000786300000, 0x0000000786300000|100%|HC|  |TAMS 0x0000000786300000| PB 0x0000000786200000| Complete 
|  99|0x0000000786300000, 0x0000000786400000, 0x0000000786400000|100%|HC|  |TAMS 0x0000000786400000| PB 0x0000000786300000| Complete 
| 100|0x0000000786400000, 0x0000000786400000, 0x0000000786500000|  0%| F|  |TAMS 0x0000000786400000| PB 0x0000000786400000| Untracked 
| 101|0x0000000786500000, 0x0000000786500000, 0x0000000786600000|  0%| F|  |TAMS 0x0000000786500000| PB 0x0000000786500000| Untracked 
| 102|0x0000000786600000, 0x0000000786600000, 0x0000000786700000|  0%| F|  |TAMS 0x0000000786600000| PB 0x0000000786600000| Untracked 
| 103|0x0000000786700000, 0x0000000786700000, 0x0000000786800000|  0%| F|  |TAMS 0x0000000786700000| PB 0x0000000786700000| Untracked 
| 104|0x0000000786800000, 0x0000000786800000, 0x0000000786900000|  0%| F|  |TAMS 0x0000000786800000| PB 0x0000000786800000| Untracked 
| 105|0x0000000786900000, 0x0000000786900000, 0x0000000786a00000|  0%| F|  |TAMS 0x0000000786900000| PB 0x0000000786900000| Untracked 
| 106|0x0000000786a00000, 0x0000000786a00000, 0x0000000786b00000|  0%| F|  |TAMS 0x0000000786a00000| PB 0x0000000786a00000| Untracked 
| 107|0x0000000786b00000, 0x0000000786b00000, 0x0000000786c00000|  0%| F|  |TAMS 0x0000000786b00000| PB 0x0000000786b00000| Untracked 
| 108|0x0000000786c00000, 0x0000000786c00000, 0x0000000786d00000|  0%| F|  |TAMS 0x0000000786c00000| PB 0x0000000786c00000| Untracked 
| 109|0x0000000786d00000, 0x0000000786d00000, 0x0000000786e00000|  0%| F|  |TAMS 0x0000000786d00000| PB 0x0000000786d00000| Untracked 
| 110|0x0000000786e00000, 0x0000000786e00000, 0x0000000786f00000|  0%| F|  |TAMS 0x0000000786e00000| PB 0x0000000786e00000| Untracked 
| 111|0x0000000786f00000, 0x0000000786f00000, 0x0000000787000000|  0%| F|  |TAMS 0x0000000786f00000| PB 0x0000000786f00000| Untracked 
| 112|0x0000000787000000, 0x0000000787000000, 0x0000000787100000|  0%| F|  |TAMS 0x0000000787000000| PB 0x0000000787000000| Untracked 
| 113|0x0000000787100000, 0x0000000787100000, 0x0000000787200000|  0%| F|  |TAMS 0x0000000787100000| PB 0x0000000787100000| Untracked 
| 114|0x0000000787200000, 0x0000000787200000, 0x0000000787300000|  0%| F|  |TAMS 0x0000000787200000| PB 0x0000000787200000| Untracked 
| 115|0x0000000787300000, 0x0000000787300000, 0x0000000787400000|  0%| F|  |TAMS 0x0000000787300000| PB 0x0000000787300000| Untracked 
| 116|0x0000000787400000, 0x0000000787400000, 0x0000000787500000|  0%| F|  |TAMS 0x0000000787400000| PB 0x0000000787400000| Untracked 
| 117|0x0000000787500000, 0x0000000787500000, 0x0000000787600000|  0%| F|  |TAMS 0x0000000787500000| PB 0x0000000787500000| Untracked 
| 118|0x0000000787600000, 0x0000000787600000, 0x0000000787700000|  0%| F|  |TAMS 0x0000000787600000| PB 0x0000000787600000| Untracked 
| 119|0x0000000787700000, 0x0000000787700000, 0x0000000787800000|  0%| F|  |TAMS 0x0000000787700000| PB 0x0000000787700000| Untracked 
| 120|0x0000000787800000, 0x0000000787800000, 0x0000000787900000|  0%| F|  |TAMS 0x0000000787800000| PB 0x0000000787800000| Untracked 
| 121|0x0000000787900000, 0x0000000787900000, 0x0000000787a00000|  0%| F|  |TAMS 0x0000000787900000| PB 0x0000000787900000| Untracked 
| 122|0x0000000787a00000, 0x0000000787a00000, 0x0000000787b00000|  0%| F|  |TAMS 0x0000000787a00000| PB 0x0000000787a00000| Untracked 
| 123|0x0000000787b00000, 0x0000000787b00000, 0x0000000787c00000|  0%| F|  |TAMS 0x0000000787b00000| PB 0x0000000787b00000| Untracked 
| 124|0x0000000787c00000, 0x0000000787c00000, 0x0000000787d00000|  0%| F|  |TAMS 0x0000000787c00000| PB 0x0000000787c00000| Untracked 
| 125|0x0000000787d00000, 0x0000000787d00000, 0x0000000787e00000|  0%| F|  |TAMS 0x0000000787d00000| PB 0x0000000787d00000| Untracked 
| 126|0x0000000787e00000, 0x0000000787e00000, 0x0000000787f00000|  0%| F|  |TAMS 0x0000000787e00000| PB 0x0000000787e00000| Untracked 
| 127|0x0000000787f00000, 0x0000000787f00000, 0x0000000788000000|  0%| F|  |TAMS 0x0000000787f00000| PB 0x0000000787f00000| Untracked 
| 128|0x0000000788000000, 0x0000000788000000, 0x0000000788100000|  0%| F|  |TAMS 0x0000000788000000| PB 0x0000000788000000| Untracked 
| 129|0x0000000788100000, 0x0000000788100000, 0x0000000788200000|  0%| F|  |TAMS 0x0000000788100000| PB 0x0000000788100000| Untracked 
| 130|0x0000000788200000, 0x0000000788200000, 0x0000000788300000|  0%| F|  |TAMS 0x0000000788200000| PB 0x0000000788200000| Untracked 
| 131|0x0000000788300000, 0x0000000788300000, 0x0000000788400000|  0%| F|  |TAMS 0x0000000788300000| PB 0x0000000788300000| Untracked 
| 132|0x0000000788400000, 0x0000000788400000, 0x0000000788500000|  0%| F|  |TAMS 0x0000000788400000| PB 0x0000000788400000| Untracked 
| 133|0x0000000788500000, 0x0000000788500000, 0x0000000788600000|  0%| F|  |TAMS 0x0000000788500000| PB 0x0000000788500000| Untracked 
| 134|0x0000000788600000, 0x0000000788600000, 0x0000000788700000|  0%| F|  |TAMS 0x0000000788600000| PB 0x0000000788600000| Untracked 
| 135|0x0000000788700000, 0x0000000788700000, 0x0000000788800000|  0%| F|  |TAMS 0x0000000788700000| PB 0x0000000788700000| Untracked 
| 136|0x0000000788800000, 0x0000000788800000, 0x0000000788900000|  0%| F|  |TAMS 0x0000000788800000| PB 0x0000000788800000| Untracked 
| 137|0x0000000788900000, 0x0000000788900000, 0x0000000788a00000|  0%| F|  |TAMS 0x0000000788900000| PB 0x0000000788900000| Untracked 
| 138|0x0000000788a00000, 0x0000000788a00000, 0x0000000788b00000|  0%| F|  |TAMS 0x0000000788a00000| PB 0x0000000788a00000| Untracked 
| 175|0x000000078af00000, 0x000000078af00000, 0x000000078b000000|  0%| F|  |TAMS 0x000000078af00000| PB 0x000000078af00000| Untracked 
| 176|0x000000078b000000, 0x000000078b000000, 0x000000078b100000|  0%| F|  |TAMS 0x000000078b000000| PB 0x000000078b000000| Untracked 
| 177|0x000000078b100000, 0x000000078b100000, 0x000000078b200000|  0%| F|  |TAMS 0x000000078b100000| PB 0x000000078b100000| Untracked 
| 178|0x000000078b200000, 0x000000078b200000, 0x000000078b300000|  0%| F|  |TAMS 0x000000078b200000| PB 0x000000078b200000| Untracked 
| 179|0x000000078b300000, 0x000000078b300000, 0x000000078b400000|  0%| F|  |TAMS 0x000000078b300000| PB 0x000000078b300000| Untracked 
| 180|0x000000078b400000, 0x000000078b400000, 0x000000078b500000|  0%| F|  |TAMS 0x000000078b400000| PB 0x000000078b400000| Untracked 
| 181|0x000000078b500000, 0x000000078b500000, 0x000000078b600000|  0%| F|  |TAMS 0x000000078b500000| PB 0x000000078b500000| Untracked 
| 182|0x000000078b600000, 0x000000078b600000, 0x000000078b700000|  0%| F|  |TAMS 0x000000078b600000| PB 0x000000078b600000| Untracked 
| 183|0x000000078b700000, 0x000000078b700000, 0x000000078b800000|  0%| F|  |TAMS 0x000000078b700000| PB 0x000000078b700000| Untracked 
| 184|0x000000078b800000, 0x000000078b800000, 0x000000078b900000|  0%| F|  |TAMS 0x000000078b800000| PB 0x000000078b800000| Untracked 
| 185|0x000000078b900000, 0x000000078b900000, 0x000000078ba00000|  0%| F|  |TAMS 0x000000078b900000| PB 0x000000078b900000| Untracked 
| 186|0x000000078ba00000, 0x000000078ba00000, 0x000000078bb00000|  0%| F|  |TAMS 0x000000078ba00000| PB 0x000000078ba00000| Untracked 
| 187|0x000000078bb00000, 0x000000078bb00000, 0x000000078bc00000|  0%| F|  |TAMS 0x000000078bb00000| PB 0x000000078bb00000| Untracked 
| 188|0x000000078bc00000, 0x000000078bc00000, 0x000000078bd00000|  0%| F|  |TAMS 0x000000078bc00000| PB 0x000000078bc00000| Untracked 
| 189|0x000000078bd00000, 0x000000078bd00000, 0x000000078be00000|  0%| F|  |TAMS 0x000000078bd00000| PB 0x000000078bd00000| Untracked 
| 190|0x000000078be00000, 0x000000078be00000, 0x000000078bf00000|  0%| F|  |TAMS 0x000000078be00000| PB 0x000000078be00000| Untracked 
| 191|0x000000078bf00000, 0x000000078bf00000, 0x000000078c000000|  0%| F|  |TAMS 0x000000078bf00000| PB 0x000000078bf00000| Untracked 
| 192|0x000000078c000000, 0x000000078c000000, 0x000000078c100000|  0%| F|  |TAMS 0x000000078c000000| PB 0x000000078c000000| Untracked 
| 193|0x000000078c100000, 0x000000078c100000, 0x000000078c200000|  0%| F|  |TAMS 0x000000078c100000| PB 0x000000078c100000| Untracked 
| 194|0x000000078c200000, 0x000000078c200000, 0x000000078c300000|  0%| F|  |TAMS 0x000000078c200000| PB 0x000000078c200000| Untracked 
| 195|0x000000078c300000, 0x000000078c300000, 0x000000078c400000|  0%| F|  |TAMS 0x000000078c300000| PB 0x000000078c300000| Untracked 
| 196|0x000000078c400000, 0x000000078c400000, 0x000000078c500000|  0%| F|  |TAMS 0x000000078c400000| PB 0x000000078c400000| Untracked 
| 197|0x000000078c500000, 0x000000078c500000, 0x000000078c600000|  0%| F|  |TAMS 0x000000078c500000| PB 0x000000078c500000| Untracked 
|2034|0x00000007ff200000, 0x00000007ff200000, 0x00000007ff300000|  0%| F|  |TAMS 0x00000007ff200000| PB 0x00000007ff200000| Untracked 
|2035|0x00000007ff300000, 0x00000007ff300000, 0x00000007ff400000|  0%| F|  |TAMS 0x00000007ff300000| PB 0x00000007ff300000| Untracked 
|2036|0x00000007ff400000, 0x00000007ff400000, 0x00000007ff500000|  0%| F|  |TAMS 0x00000007ff400000| PB 0x00000007ff400000| Untracked 
|2037|0x00000007ff500000, 0x00000007ff600000, 0x00000007ff600000|100%| O|  |TAMS 0x00000007ff600000| PB 0x00000007ff500000| Untracked 
|2038|0x00000007ff600000, 0x00000007ff700000, 0x00000007ff700000|100%| O|  |TAMS 0x00000007ff700000| PB 0x00000007ff600000| Untracked 
|2039|0x00000007ff700000, 0x00000007ff800000, 0x00000007ff800000|100%| O|  |TAMS 0x00000007ff800000| PB 0x00000007ff700000| Untracked 
|2040|0x00000007ff800000, 0x00000007ff900000, 0x00000007ff900000|100%| O|  |TAMS 0x00000007ff900000| PB 0x00000007ff800000| Untracked 
|2041|0x00000007ff900000, 0x00000007ffa00000, 0x00000007ffa00000|100%| O|  |TAMS 0x00000007ffa00000| PB 0x00000007ff900000| Untracked 
|2042|0x00000007ffa00000, 0x00000007ffb00000, 0x00000007ffb00000|100%| O|  |TAMS 0x00000007ffb00000| PB 0x00000007ffa00000| Untracked 
|2043|0x00000007ffb00000, 0x00000007ffc00000, 0x00000007ffc00000|100%| O|  |TAMS 0x00000007ffc00000| PB 0x00000007ffb00000| Untracked 
|2044|0x00000007ffc00000, 0x00000007ffd00000, 0x00000007ffd00000|100%| O|  |TAMS 0x00000007ffd00000| PB 0x00000007ffc00000| Untracked 
|2045|0x00000007ffd00000, 0x00000007ffe00000, 0x00000007ffe00000|100%| O|  |TAMS 0x00000007ffe00000| PB 0x00000007ffd00000| Untracked 
|2046|0x00000007ffe00000, 0x00000007fff00000, 0x00000007fff00000|100%| O|  |TAMS 0x00000007fff00000| PB 0x00000007ffe00000| Untracked 
|2047|0x00000007fff00000, 0x00000007fffab480, 0x0000000800000000| 66%| E|  |TAMS 0x00000007fff00000| PB 0x00000007fff00000| Complete 

Card table byte_map: [0x000000010b800000,0x000000010bc00000] _byte_map_base: 0x0000000107c00000

Marking Bits: (CMBitMap*) 0x0000000100ba14a0
 Bits: [0x0000000124c6c000, 0x0000000126c6c000)

Polling page: 0x00000001003a4000

Metaspace:

Usage:
  Non-class:    101.65 MB used.
      Class:     16.38 MB used.
       Both:    118.03 MB used.

Virtual space:
  Non-class space:      128.00 MB reserved,     102.44 MB ( 80%) committed,  2 nodes.
      Class space:        1.00 GB reserved,      17.00 MB (  2%) committed,  1 nodes.
             Both:        1.12 GB reserved,     119.44 MB ( 10%) committed. 

Chunk freelists:
   Non-Class:  8.94 MB
       Class:  15.00 MB
        Both:  23.94 MB

MaxMetaspaceSize: unlimited
CompressedClassSpaceSize: 1.00 GB
Initial GC threshold: 21.00 MB
Current GC threshold: 191.69 MB
CDS: on
 - commit_granule_bytes: 65536.
 - commit_granule_words: 8192.
 - virtual_space_node_default_size: 8388608.
 - enlarge_chunks_in_place: 1.
 - use_allocation_guard: 0.


Internal statistics:

num_allocs_failed_limit: 6.
num_arena_births: 2406.
num_arena_deaths: 0.
num_vsnodes_births: 3.
num_vsnodes_deaths: 0.
num_space_committed: 1910.
num_space_uncommitted: 0.
num_chunks_returned_to_freelist: 6.
num_chunks_taken_from_freelist: 6885.
num_chunk_merges: 3.
num_chunk_splits: 4893.
num_chunks_enlarged: 3698.
num_inconsistent_stats: 0.

CodeHeap 'non-profiled nmethods': size=120032Kb used=14075Kb max_used=14075Kb free=105956Kb
 bounds [0x000000011d734000, 0x000000011e514000, 0x0000000124c6c000]
CodeHeap 'profiled nmethods': size=120016Kb used=34137Kb max_used=37979Kb free=85879Kb
 bounds [0x0000000115c6c000, 0x000000011818c000, 0x000000011d1a0000]
CodeHeap 'non-nmethods': size=5712Kb used=2126Kb max_used=2227Kb free=3585Kb
 bounds [0x000000011d1a0000, 0x000000011d410000, 0x000000011d734000]
CodeCache: size=245760Kb, used=50338Kb, max_used=54281Kb, free=195420Kb
 total_blobs=17168, nmethods=15829, adapters=1245, full_count=0
Compilation: enabled, stopped_count=0, restarted_count=0

Compilation events (20 events):
Event: 4733.607 Thread 0x0000000100bb4030 nmethod 22114 0x00000001164b5010 code [0x00000001164b5200, 0x00000001164b5520]
Event: 4733.617 Thread 0x0000000100bb3830 22116       4       java.util.HashMap$Values::iterator (12 bytes)
Event: 4733.617 Thread 0x0000000100bb4030 22115       3       org.apache.juli.logging.DirectJDKLog::isDebugEnabled (11 bytes)
Event: 4733.618 Thread 0x0000000100bb4030 nmethod 22115 0x00000001164d9590 code [0x00000001164d9740, 0x00000001164d9a08]
Event: 4733.618 Thread 0x0000000100bb4030 22117  s    3       org.apache.catalina.util.LifecycleBase::setStateInternal (144 bytes)
Event: 4733.619 Thread 0x0000000100bb4030 nmethod 22117 0x000000011689a690 code [0x000000011689a9c0, 0x000000011689b978]
Event: 4733.643 Thread 0x0000000100bb3830 nmethod 22116 0x000000011d876110 code [0x000000011d8762c0, 0x000000011d876598]
Event: 4733.643 Thread 0x0000000100bb3830 22118       4       java.util.ArrayList::<init> (65 bytes)
Event: 4733.643 Thread 0x0000000100bb4030 22121   !   3       jdk.internal.ref.Cleaner::clean (35 bytes)
Event: 4733.644 Thread 0x0000000100bb4030 nmethod 22121 0x0000000116899b10 code [0x0000000116899d80, 0x000000011689a430]
Event: 4733.644 Thread 0x0000000100bb4030 22119       3       ch.qos.logback.classic.Logger::recursiveReset (58 bytes)
Event: 4733.645 Thread 0x0000000100bb4030 nmethod 22119 0x000000011657a610 code [0x000000011657a880, 0x000000011657b1f0]
Event: 4733.645 Thread 0x0000000100bb4030 22120       3       ch.qos.logback.classic.Logger::detachAndStopAllAppenders (15 bytes)
Event: 4733.645 Thread 0x0000000100bb4030 nmethod 22120 0x0000000116899690 code [0x0000000116899840, 0x0000000116899a08]
Event: 4733.645 Thread 0x0000000100bb4030 22122       3       ch.qos.logback.classic.Logger::localLevelReset (30 bytes)
Event: 4733.645 Thread 0x0000000100bb4030 nmethod 22122 0x00000001164d9010 code [0x00000001164d91c0, 0x00000001164d9488]
Event: 4733.645 Thread 0x0000000100bb4030 22123       3       ch.qos.logback.classic.Logger::isRootLogger (13 bytes)
Event: 4733.645 Thread 0x0000000100bb4030 nmethod 22123 0x00000001164d8b90 code [0x00000001164d8d40, 0x00000001164d8eb8]
Event: 4733.649 Thread 0x0000000100bb3830 nmethod 22118 0x000000011d875990 code [0x000000011d875b40, 0x000000011d875ff8]
Event: 4733.649 Thread 0x0000000100bb3830 22124   !   4       jdk.internal.loader.BuiltinClassLoader::findMiscResource (122 bytes)

GC Heap History (20 events):
Event: 13.294 GC heap before
{Heap before GC invocations=41 (full 0):
 garbage-first heap   total 163840K, used 143976K [0x0000000780000000, 0x0000000800000000)
  region size 1024K, 96 young (98304K), 5 survivors (5120K)
 Metaspace       used 91179K, committed 92224K, reserved 1179648K
  class space    used 12390K, committed 12864K, reserved 1048576K
}
Event: 13.301 GC heap after
{Heap after GC invocations=42 (full 0):
 garbage-first heap   total 163840K, used 57381K [0x0000000780000000, 0x0000000800000000)
  region size 1024K, 11 young (11264K), 11 survivors (11264K)
 Metaspace       used 91179K, committed 92224K, reserved 1179648K
  class space    used 12390K, committed 12864K, reserved 1048576K
}
Event: 22.092 GC heap before
{Heap before GC invocations=43 (full 0):
 garbage-first heap   total 163840K, used 150565K [0x0000000780000000, 0x0000000800000000)
  region size 1024K, 96 young (98304K), 11 survivors (11264K)
 Metaspace       used 104123K, committed 105152K, reserved 1179648K
  class space    used 14595K, committed 15040K, reserved 1048576K
}
Event: 22.103 GC heap after
{Heap after GC invocations=44 (full 0):
 garbage-first heap   total 169984K, used 65798K [0x0000000780000000, 0x0000000800000000)
  region size 1024K, 12 young (12288K), 12 survivors (12288K)
 Metaspace       used 104123K, committed 105152K, reserved 1179648K
  class space    used 14595K, committed 15040K, reserved 1048576K
}
Event: 31.197 GC heap before
{Heap before GC invocations=44 (full 0):
 garbage-first heap   total 169984K, used 153862K [0x0000000780000000, 0x0000000800000000)
  region size 1024K, 97 young (99328K), 12 survivors (12288K)
 Metaspace       used 110039K, committed 111296K, reserved 1179648K
  class space    used 15523K, committed 16128K, reserved 1048576K
}
Event: 31.212 GC heap after
{Heap after GC invocations=45 (full 0):
 garbage-first heap   total 179200K, used 75776K [0x0000000780000000, 0x0000000800000000)
  region size 1024K, 13 young (13312K), 13 survivors (13312K)
 Metaspace       used 110039K, committed 111296K, reserved 1179648K
  class space    used 15523K, committed 16128K, reserved 1048576K
}
Event: 50.413 GC heap before
{Heap before GC invocations=45 (full 0):
 garbage-first heap   total 179200K, used 129024K [0x0000000780000000, 0x0000000800000000)
  region size 1024K, 67 young (68608K), 13 survivors (13312K)
 Metaspace       used 113426K, committed 114816K, reserved 1179648K
  class space    used 16009K, committed 16640K, reserved 1048576K
}
Event: 50.437 GC heap after
{Heap after GC invocations=46 (full 0):
 garbage-first heap   total 179200K, used 85131K [0x0000000780000000, 0x0000000800000000)
  region size 1024K, 9 young (9216K), 9 survivors (9216K)
 Metaspace       used 113426K, committed 114816K, reserved 1179648K
  class space    used 16009K, committed 16640K, reserved 1048576K
}
Event: 143.876 GC heap before
{Heap before GC invocations=47 (full 0):
 garbage-first heap   total 179200K, used 156811K [0x0000000780000000, 0x0000000800000000)
  region size 1024K, 76 young (77824K), 9 survivors (9216K)
 Metaspace       used 115342K, committed 116736K, reserved 1179648K
  class space    used 16281K, committed 16896K, reserved 1048576K
}
Event: 143.899 GC heap after
{Heap after GC invocations=48 (full 0):
 garbage-first heap   total 179200K, used 93425K [0x0000000780000000, 0x0000000800000000)
  region size 1024K, 5 young (5120K), 5 survivors (5120K)
 Metaspace       used 115342K, committed 116736K, reserved 1179648K
  class space    used 16281K, committed 16896K, reserved 1048576K
}
Event: 288.821 GC heap before
{Heap before GC invocations=48 (full 0):
 garbage-first heap   total 179200K, used 168177K [0x0000000780000000, 0x0000000800000000)
  region size 1024K, 68 young (69632K), 5 survivors (5120K)
 Metaspace       used 115788K, committed 117184K, reserved 1179648K
  class space    used 16314K, committed 16896K, reserved 1048576K
}
Event: 288.844 GC heap after
{Heap after GC invocations=49 (full 0):
 garbage-first heap   total 179200K, used 98046K [0x0000000780000000, 0x0000000800000000)
  region size 1024K, 6 young (6144K), 6 survivors (6144K)
 Metaspace       used 115788K, committed 117184K, reserved 1179648K
  class space    used 16314K, committed 16896K, reserved 1048576K
}
Event: 429.125 GC heap before
{Heap before GC invocations=49 (full 0):
 garbage-first heap   total 179200K, used 158462K [0x0000000780000000, 0x0000000800000000)
  region size 1024K, 66 young (67584K), 6 survivors (6144K)
 Metaspace       used 116410K, committed 117760K, reserved 1179648K
  class space    used 16345K, committed 16960K, reserved 1048576K
}
Event: 429.138 GC heap after
{Heap after GC invocations=50 (full 0):
 garbage-first heap   total 179200K, used 97308K [0x0000000780000000, 0x0000000800000000)
  region size 1024K, 4 young (4096K), 4 survivors (4096K)
 Metaspace       used 116410K, committed 117760K, reserved 1179648K
  class space    used 16345K, committed 16960K, reserved 1048576K
}
Event: 466.786 GC heap before
{Heap before GC invocations=51 (full 0):
 garbage-first heap   total 179200K, used 162844K [0x0000000780000000, 0x0000000800000000)
  region size 1024K, 68 young (69632K), 4 survivors (4096K)
 Metaspace       used 116644K, committed 118144K, reserved 1179648K
  class space    used 16346K, committed 17024K, reserved 1048576K
}
Event: 466.807 GC heap after
{Heap after GC invocations=52 (full 0):
 garbage-first heap   total 179200K, used 99120K [0x0000000780000000, 0x0000000800000000)
  region size 1024K, 7 young (7168K), 7 survivors (7168K)
 Metaspace       used 116644K, committed 118144K, reserved 1179648K
  class space    used 16346K, committed 17024K, reserved 1048576K
}
Event: 590.543 GC heap before
{Heap before GC invocations=52 (full 0):
 garbage-first heap   total 179200K, used 166704K [0x0000000780000000, 0x0000000800000000)
  region size 1024K, 70 young (71680K), 7 survivors (7168K)
 Metaspace       used 120023K, committed 121472K, reserved 1179648K
  class space    used 16698K, committed 17344K, reserved 1048576K
}
Event: 590.557 GC heap after
{Heap after GC invocations=53 (full 0):
 garbage-first heap   total 180224K, used 97775K [0x0000000780000000, 0x0000000800000000)
  region size 1024K, 8 young (8192K), 8 survivors (8192K)
 Metaspace       used 120023K, committed 121472K, reserved 1179648K
  class space    used 16698K, committed 17344K, reserved 1048576K
}
Event: 4733.620 GC heap before
{Heap before GC invocations=53 (full 0):
 garbage-first heap   total 180224K, used 163311K [0x0000000780000000, 0x0000000800000000)
  region size 1024K, 72 young (73728K), 8 survivors (8192K)
 Metaspace       used 120863K, committed 122304K, reserved 1179648K
  class space    used 16775K, committed 17408K, reserved 1048576K
}
Event: 4733.642 GC heap after
{Heap after GC invocations=54 (full 0):
 garbage-first heap   total 180224K, used 102208K [0x0000000780000000, 0x0000000800000000)
  region size 1024K, 5 young (5120K), 5 survivors (5120K)
 Metaspace       used 120863K, committed 122304K, reserved 1179648K
  class space    used 16775K, committed 17408K, reserved 1048576K
}

Dll operation events (20 events):
Event: 7.664 Loading shared library /Users/macbook/Library/Java/Extensions/liblibtcnative-1.jnilib failed, dlopen(/Users/macbook/Library/Java/Extensions/liblibtcnative-1.jnilib, 0x0001): tried: '/Users/macbook/Library/Java/Extensions/liblibtcnative-1.jnilib' (no such 
Event: 7.664 Loading shared library /Library/Java/Extensions/liblibtcnative-1.dylib failed, dlopen(/Library/Java/Extensions/liblibtcnative-1.dylib, 0x0001): tried: '/Library/Java/Extensions/liblibtcnative-1.dylib' (no such file), '/System/Volumes/Preboot/Cryptexes/OS/
Event: 7.665 Loading shared library /Library/Java/Extensions/liblibtcnative-1.jnilib failed, dlopen(/Library/Java/Extensions/liblibtcnative-1.jnilib, 0x0001): tried: '/Library/Java/Extensions/liblibtcnative-1.jnilib' (no such file), '/System/Volumes/Preboot/Cryptexes/
Event: 7.665 Loading shared library /Network/Library/Java/Extensions/liblibtcnative-1.dylib failed, dlopen(/Network/Library/Java/Extensions/liblibtcnative-1.dylib, 0x0001): tried: '/Network/Library/Java/Extensions/liblibtcnative-1.dylib' (no such file), '/System/Volum
Event: 7.665 Loading shared library /Network/Library/Java/Extensions/liblibtcnative-1.jnilib failed, dlopen(/Network/Library/Java/Extensions/liblibtcnative-1.jnilib, 0x0001): tried: '/Network/Library/Java/Extensions/liblibtcnative-1.jnilib' (no such file), '/System/Vo
Event: 7.665 Loading shared library /System/Library/Java/Extensions/liblibtcnative-1.dylib failed, dlopen(/System/Library/Java/Extensions/liblibtcnative-1.dylib, 0x0001): tried: '/System/Library/Java/Extensions/liblibtcnative-1.dylib' (no such file), '/System/Volumes/
Event: 7.665 Loading shared library /System/Library/Java/Extensions/liblibtcnative-1.jnilib failed, dlopen(/System/Library/Java/Extensions/liblibtcnative-1.jnilib, 0x0001): tried: '/System/Library/Java/Extensions/liblibtcnative-1.jnilib' (no such file), '/System/Volum
Event: 7.665 Loading shared library /usr/lib/java/liblibtcnative-1.dylib failed, dlopen(/usr/lib/java/liblibtcnative-1.dylib, 0x0001): tried: '/usr/lib/java/liblibtcnative-1.dylib' (no such file), '/System/Volumes/Preboot/Cryptexes/OS/usr/lib/java/liblibtcnative-1.dyl
Event: 7.665 Loading shared library /usr/lib/java/liblibtcnative-1.jnilib failed, dlopen(/usr/lib/java/liblibtcnative-1.jnilib, 0x0001): tried: '/usr/lib/java/liblibtcnative-1.jnilib' (no such file), '/System/Volumes/Preboot/Cryptexes/OS/usr/lib/java/liblibtcnative-1.
Event: 7.665 Loading shared library /Users/macbook/Documents/University Library/PBL3-Project/liblibtcnative-1.dylib failed, dlopen(/Users/macbook/Documents/University Library/PBL3-Project/liblibtcnative-1.dylib, 0x0001): tried: '/Users/macbook/Documents/University Lib
Event: 7.665 Loading shared library /Users/macbook/Documents/University Library/PBL3-Project/liblibtcnative-1.jnilib failed, dlopen(/Users/macbook/Documents/University Library/PBL3-Project/liblibtcnative-1.jnilib, 0x0001): tried: '/Users/macbook/Documents/University L
Event: 7.797 Loaded shared library /opt/homebrew/Cellar/openjdk@21/21.0.9/libexec/openjdk.jdk/Contents/Home/lib/libmanagement.dylib
Event: 7.799 Loaded shared library /opt/homebrew/Cellar/openjdk@21/21.0.9/libexec/openjdk.jdk/Contents/Home/lib/libmanagement_ext.dylib
Event: 8.031 Loaded shared library /opt/homebrew/Cellar/openjdk@21/21.0.9/libexec/openjdk.jdk/Contents/Home/lib/libverify.dylib
Event: 12.681 Loaded shared library /opt/homebrew/Cellar/openjdk@21/21.0.9/libexec/openjdk.jdk/Contents/Home/lib/libprefs.dylib
Event: 13.110 Loading shared library /Users/macbook/.m2/repository/org/openjfx/javafx-graphics/21.0.1/libjavafx_font.dylib failed, dlopen(/Users/macbook/.m2/repository/org/openjfx/javafx-graphics/21.0.1/libjavafx_font.dylib, 0x0001): tried: '/Users/macbook/.m2/reposito
Event: 13.113 Loaded shared library /private/tmp/pbl3-javafx-cache/libjavafx_font.dylib
Event: 309.297 Loaded shared library /opt/homebrew/Cellar/openjdk@21/21.0.9/libexec/openjdk.jdk/Contents/Home/lib/libawt.dylib
Event: 309.353 Loaded shared library /opt/homebrew/Cellar/openjdk@21/21.0.9/libexec/openjdk.jdk/Contents/Home/lib/libawt_lwawt.dylib
Event: 309.531 Loaded shared library /opt/homebrew/Cellar/openjdk@21/21.0.9/libexec/openjdk.jdk/Contents/Home/lib/libfontmanager.dylib

Deoptimization events (20 events):
Event: 4726.931 Thread 0x0000000ba74b6a00 Uncommon trap: trap_request=0xffffff45 fr.pc=0x000000011e28170c relative=0x000000000000050c
Event: 4726.931 Thread 0x0000000ba74b6a00 Uncommon trap: reason=unstable_if action=reinterpret pc=0x000000011e28170c method=java.util.concurrent.locks.AbstractQueuedSynchronizer$ConditionNode.isReleasable()Z @ 14 c2
Event: 4726.932 Thread 0x0000000ba74b6a00 DEOPT PACKING pc=0x000000011e28170c sp=0x00000001720f66d0
Event: 4726.932 Thread 0x0000000ba74b6a00 DEOPT UNPACKING pc=0x000000011d1e301c sp=0x00000001720f64d0 mode 2
Event: 4726.932 Thread 0x0000000ba74b6a00 Uncommon trap: trap_request=0xffffff45 fr.pc=0x000000011e46736c relative=0x0000000000000b6c
Event: 4726.933 Thread 0x0000000ba74b6a00 Uncommon trap: reason=unstable_if action=reinterpret pc=0x000000011e46736c method=java.util.concurrent.ThreadPoolExecutor.runStateAtLeast(II)Z @ 2 c2
Event: 4726.933 Thread 0x0000000ba74b6a00 DEOPT PACKING pc=0x000000011e46736c sp=0x00000001720f6770
Event: 4726.933 Thread 0x0000000ba74b6a00 DEOPT UNPACKING pc=0x000000011d1e301c sp=0x00000001720f66b0 mode 2
Event: 4733.617 Thread 0x0000000ba75a2a00 Uncommon trap: trap_request=0xffffff45 fr.pc=0x000000011e280790 relative=0x0000000000000150
Event: 4733.617 Thread 0x0000000ba75a2a00 Uncommon trap: reason=unstable_if action=reinterpret pc=0x000000011e280790 method=java.util.concurrent.locks.AbstractQueuedSynchronizer$ConditionNode.isReleasable()Z @ 14 c2
Event: 4733.617 Thread 0x0000000ba75a2a00 DEOPT PACKING pc=0x000000011e280790 sp=0x0000000173fce5a0
Event: 4733.617 Thread 0x0000000ba75a3100 Uncommon trap: trap_request=0xffffff45 fr.pc=0x000000011e46736c relative=0x0000000000000b6c
Event: 4733.617 Thread 0x0000000ba75a3100 Uncommon trap: reason=unstable_if action=reinterpret pc=0x000000011e46736c method=java.util.concurrent.ThreadPoolExecutor.runStateAtLeast(II)Z @ 2 c2
Event: 4733.617 Thread 0x0000000ba75a2a00 DEOPT UNPACKING pc=0x000000011d1e301c sp=0x0000000173fce3f0 mode 2
Event: 4733.617 Thread 0x0000000ba75a3100 DEOPT PACKING pc=0x000000011e46736c sp=0x00000001741da770
Event: 4733.617 Thread 0x0000000ba75a3100 DEOPT UNPACKING pc=0x000000011d1e301c sp=0x00000001741da6b0 mode 2
Event: 4733.619 Thread 0x0000000ba71a4e00 Uncommon trap: trap_request=0xffffff45 fr.pc=0x000000011e38efa0 relative=0x0000000000000760
Event: 4733.619 Thread 0x0000000ba71a4e00 Uncommon trap: reason=unstable_if action=reinterpret pc=0x000000011e38efa0 method=jdk.internal.ref.Cleaner.remove(Ljdk/internal/ref/Cleaner;)Z @ 45 c2
Event: 4733.619 Thread 0x0000000ba71a4e00 DEOPT PACKING pc=0x000000011e38efa0 sp=0x000000017273e7f0
Event: 4733.619 Thread 0x0000000ba71a4e00 DEOPT UNPACKING pc=0x000000011d1e301c sp=0x000000017273e710 mode 2

Classes loaded (20 events):
Event: 4733.611 Loading class java/beans/WeakIdentityMap done
Event: 4733.611 Loading class java/beans/ThreadGroupContext$1 done
Event: 4733.611 Loading class java/beans/WeakIdentityMap$Entry
Event: 4733.611 Loading class java/beans/WeakIdentityMap$Entry done
Event: 4733.613 Loading class com/sun/beans/introspect/ClassInfo
Event: 4733.613 Loading class com/sun/beans/introspect/ClassInfo done
Event: 4733.613 Loading class com/sun/beans/introspect/ClassInfo$1
Event: 4733.613 Loading class com/sun/beans/util/Cache
Event: 4733.614 Loading class com/sun/beans/util/Cache done
Event: 4733.614 Loading class com/sun/beans/introspect/ClassInfo$1 done
Event: 4733.614 Loading class com/sun/beans/util/Cache$Kind
Event: 4733.615 Loading class com/sun/beans/util/Cache$Kind done
Event: 4733.615 Loading class com/sun/beans/util/Cache$Kind$1
Event: 4733.615 Loading class com/sun/beans/util/Cache$Kind$1 done
Event: 4733.615 Loading class com/sun/beans/util/Cache$Kind$2
Event: 4733.615 Loading class com/sun/beans/util/Cache$Kind$2 done
Event: 4733.615 Loading class com/sun/beans/util/Cache$Kind$3
Event: 4733.615 Loading class com/sun/beans/util/Cache$Kind$3 done
Event: 4733.615 Loading class com/sun/beans/util/Cache$CacheEntry
Event: 4733.615 Loading class com/sun/beans/util/Cache$CacheEntry done

Classes unloaded (0 events):
No events

Classes redefined (0 events):
No events

Internal exceptions (20 events):
Event: 4175.279 Thread 0x0000000ba9644e00 Implicit null exception at 0x0000000115e343d4 to 0x0000000115e34fb8
Event: 4175.279 Thread 0x0000000ba9644e00 Exception <a 'java/lang/NullPointerException'{0x0000000786ec9500}> (0x0000000786ec9500) 
thrown [src/hotspot/share/runtime/sharedRuntime.cpp, line 625]
Event: 4314.875 Thread 0x0000000ba82b8700 Implicit null exception at 0x000000011772095c to 0x0000000117721144
Event: 4314.876 Thread 0x0000000ba82b8700 Exception <a 'java/lang/NullPointerException'{0x0000000786d18d88}> (0x0000000786d18d88) 
thrown [src/hotspot/share/runtime/sharedRuntime.cpp, line 625]
Event: 4484.440 Thread 0x0000000ba82b8700 Implicit null exception at 0x000000011772095c to 0x0000000117721144
Event: 4484.440 Thread 0x0000000ba82b8700 Exception <a 'java/lang/NullPointerException'{0x0000000786dcc3b0}> (0x0000000786dcc3b0) 
thrown [src/hotspot/share/runtime/sharedRuntime.cpp, line 625]
Event: 4488.733 Thread 0x0000000ba9644e00 Implicit null exception at 0x0000000115e343d4 to 0x0000000115e34fb8
Event: 4488.734 Thread 0x0000000ba9644e00 Exception <a 'java/lang/NullPointerException'{0x0000000786c1f680}> (0x0000000786c1f680) 
thrown [src/hotspot/share/runtime/sharedRuntime.cpp, line 625]
Event: 4488.736 Thread 0x0000000ba9644e00 Implicit null exception at 0x0000000115e343d4 to 0x0000000115e34fb8
Event: 4488.736 Thread 0x0000000ba9644e00 Exception <a 'java/lang/NullPointerException'{0x0000000786c32710}> (0x0000000786c32710) 
thrown [src/hotspot/share/runtime/sharedRuntime.cpp, line 625]
Event: 4617.497 Thread 0x0000000ba82b8700 Implicit null exception at 0x000000011772095c to 0x0000000117721144
Event: 4617.498 Thread 0x0000000ba82b8700 Exception <a 'java/lang/NullPointerException'{0x0000000786c80c00}> (0x0000000786c80c00) 
thrown [src/hotspot/share/runtime/sharedRuntime.cpp, line 625]
Event: 4617.853 Thread 0x0000000ba9645c00 Implicit null exception at 0x0000000115e343d4 to 0x0000000115e34fb8
Event: 4617.854 Thread 0x0000000ba9645c00 Exception <a 'java/lang/NullPointerException'{0x0000000786cd74f8}> (0x0000000786cd74f8) 
thrown [src/hotspot/share/runtime/sharedRuntime.cpp, line 625]
Event: 4617.856 Thread 0x0000000ba9645c00 Implicit null exception at 0x0000000115e343d4 to 0x0000000115e34fb8
Event: 4617.856 Thread 0x0000000ba9645c00 Exception <a 'java/lang/NullPointerException'{0x0000000786ceb910}> (0x0000000786ceb910) 
thrown [src/hotspot/share/runtime/sharedRuntime.cpp, line 625]
Event: 4723.463 Thread 0x0000000ba71a4000 Implicit null exception at 0x000000011e0d7104 to 0x000000011e0d7478
Event: 4733.583 Thread 0x0000000ba71a4000 Exception <a 'java/io/IOException'{0x000000078663f918}> (0x000000078663f918) 
thrown [src/hotspot/share/prims/jni.cpp, line 520]
Event: 4733.585 Thread 0x0000000ba71a4000 Exception <a 'java/io/IOException'{0x0000000786640f80}> (0x0000000786640f80) 
thrown [src/hotspot/share/prims/jni.cpp, line 520]
Event: 4733.617 Thread 0x0000000ba75a3800 Exception <a 'java/lang/InterruptedException'{0x000000078655b100}: sleep interrupted> (0x000000078655b100) 
thrown [src/hotspot/share/prims/jvm.cpp, line 3087]

ZGC Phase Switch (0 events):
No events

VM Operations (20 events):
Event: 4178.231 Executing VM operation: Cleanup done
Event: 4179.238 Executing VM operation: Cleanup
Event: 4179.238 Executing VM operation: Cleanup done
Event: 4319.196 Executing VM operation: Cleanup
Event: 4319.197 Executing VM operation: Cleanup done
Event: 4489.340 Executing VM operation: Cleanup
Event: 4489.341 Executing VM operation: Cleanup done
Event: 4618.170 Executing VM operation: Cleanup
Event: 4618.170 Executing VM operation: Cleanup done
Event: 4648.360 Executing VM operation: Cleanup
Event: 4648.360 Executing VM operation: Cleanup done
Event: 4722.853 Executing VM operation: Cleanup
Event: 4722.854 Executing VM operation: Cleanup done
Event: 4723.855 Executing VM operation: Cleanup
Event: 4723.855 Executing VM operation: Cleanup done
Event: 4727.884 Executing VM operation: Cleanup
Event: 4727.884 Executing VM operation: Cleanup done
Event: 4733.619 Executing VM operation: G1CollectForAllocation (G1 Evacuation Pause)
Event: 4733.643 Executing VM operation: G1CollectForAllocation (G1 Evacuation Pause) done
Event: 4733.652 Executing VM operation: Exit

Memory protections (20 events):
Event: 4723.579 Protecting memory [0x00000001739b4000,0x00000001739c0000] with protection modes 3
Event: 4726.914 Protecting memory [0x00000001739b4000,0x00000001739c0000] with protection modes 0
Event: 4726.918 Protecting memory [0x0000000174c20000,0x0000000174c2c000] with protection modes 0
Event: 4726.919 Protecting memory [0x0000000174e2c000,0x0000000174e38000] with protection modes 0
Event: 4726.920 Protecting memory [0x0000000175038000,0x0000000175044000] with protection modes 0
Event: 4726.920 Protecting memory [0x0000000175244000,0x0000000175250000] with protection modes 0
Event: 4726.920 Protecting memory [0x0000000175450000,0x000000017545c000] with protection modes 0
Event: 4726.921 Protecting memory [0x0000000175038000,0x0000000175044000] with protection modes 3
Event: 4726.921 Protecting memory [0x0000000174c20000,0x0000000174c2c000] with protection modes 3
Event: 4726.932 Protecting memory [0x0000000174e2c000,0x0000000174e38000] with protection modes 3
Event: 4726.933 Protecting memory [0x0000000175244000,0x0000000175250000] with protection modes 3
Event: 4726.933 Protecting memory [0x0000000171ef4000,0x0000000171f00000] with protection modes 3
Event: 4733.617 Protecting memory [0x0000000173fd8000,0x0000000173fe4000] with protection modes 3
Event: 4733.617 Protecting memory [0x00000001741e4000,0x00000001741f0000] with protection modes 3
Event: 4733.617 Protecting memory [0x0000000173dcc000,0x0000000173dd8000] with protection modes 3
Event: 4733.619 Protecting memory [0x000000016fb10000,0x000000016fb1c000] with protection modes 3
Event: 4733.619 Protecting memory [0x000000016fb10000,0x000000016fb1c000] with protection modes 0
Event: 4733.643 Protecting memory [0x000000017253c000,0x0000000172548000] with protection modes 3
Event: 4733.646 Protecting memory [0x000000016f288000,0x000000016f294000] with protection modes 3
Event: 4733.647 Protecting memory [0x0000000175450000,0x000000017545c000] with protection modes 3

Nmethod flushes (20 events):
Event: 429.238 Thread 0x0000000ba7465800 flushing  nmethod 0x00000001172f6d10
Event: 429.238 Thread 0x0000000ba7465800 flushing  nmethod 0x00000001172fa490
Event: 429.238 Thread 0x0000000ba7465800 flushing  nmethod 0x00000001172feb10
Event: 429.238 Thread 0x0000000ba7465800 flushing  nmethod 0x0000000117302f10
Event: 429.238 Thread 0x0000000ba7465800 flushing  nmethod 0x0000000117348b10
Event: 429.238 Thread 0x0000000ba7465800 flushing  nmethod 0x0000000117349890
Event: 429.238 Thread 0x0000000ba7465800 flushing  nmethod 0x000000011734a510
Event: 429.238 Thread 0x0000000ba7465800 flushing  nmethod 0x0000000117350310
Event: 429.238 Thread 0x0000000ba7465800 flushing  nmethod 0x0000000117350610
Event: 429.238 Thread 0x0000000ba7465800 flushing  nmethod 0x00000001173f6610
Event: 429.238 Thread 0x0000000ba7465800 flushing  nmethod 0x0000000117450490
Event: 429.238 Thread 0x0000000ba7465800 flushing  nmethod 0x0000000117450e90
Event: 429.238 Thread 0x0000000ba7465800 flushing  nmethod 0x0000000117454010
Event: 429.238 Thread 0x0000000ba7465800 flushing  nmethod 0x00000001174adf10
Event: 429.238 Thread 0x0000000ba7465800 flushing  nmethod 0x00000001175baf90
Event: 429.238 Thread 0x0000000ba7465800 flushing  nmethod 0x000000011760ca10
Event: 429.239 Thread 0x0000000ba7465800 flushing  nmethod 0x00000001177cff90
Event: 429.239 Thread 0x0000000ba7465800 flushing  nmethod 0x0000000117a8ff10
Event: 429.239 Thread 0x0000000ba7465800 flushing  nmethod 0x0000000117b75210
Event: 429.239 Thread 0x0000000ba7465800 flushing  nmethod 0x0000000117b75690

Events (20 events):
Event: 4726.914 Thread 0x0000000ba74b4700 Thread added: 0x0000000ba8c10e00
Event: 4726.918 Thread 0x0000000ba8c10e00 Thread added: 0x0000000ba8c13800
Event: 4726.919 Thread 0x0000000ba8c10e00 Thread added: 0x0000000ba8c11500
Event: 4726.920 Thread 0x0000000ba8c10e00 Thread added: 0x0000000ba8c11c00
Event: 4726.920 Thread 0x0000000ba8c10e00 Thread added: 0x0000000ba8c13100
Event: 4726.920 Thread 0x0000000ba8c10e00 Thread added: 0x0000000ba8c12a00
Event: 4726.921 Thread 0x0000000ba8c11c00 Thread exited: 0x0000000ba8c11c00
Event: 4726.922 Thread 0x0000000ba8c13800 Thread exited: 0x0000000ba8c13800
Event: 4726.932 Thread 0x0000000ba8c11500 Thread exited: 0x0000000ba8c11500
Event: 4726.933 Thread 0x0000000ba8c13100 Thread exited: 0x0000000ba8c13100
Event: 4726.933 Thread 0x0000000ba74b6a00 Thread exited: 0x0000000ba74b6a00
Event: 4733.617 Thread 0x0000000ba75a3100 Thread exited: 0x0000000ba75a3100
Event: 4733.617 Thread 0x0000000ba75a3800 Thread exited: 0x0000000ba75a3800
Event: 4733.617 Thread 0x0000000ba75a2a00 Thread exited: 0x0000000ba75a2a00
Event: 4733.619 Thread 0x0000000100b998b0 Thread exited: 0x0000000100b998b0
Event: 4733.619 Thread 0x0000000ba8c11500 Thread added: 0x0000000ba8c11500
Event: 4733.643 Thread 0x0000000ba71a4e00 Thread exited: 0x0000000ba71a4e00
Event: 4733.646 Thread 0x0000000ba71a4000 Thread exited: 0x0000000ba71a4000
Event: 4733.647 Thread 0x0000000ba8c12a00 Thread exited: 0x0000000ba8c12a00
Event: 4733.648 Thread 0x0000000ba8c10e00 Before exit entered


Dynamic libraries:
0x00000001003b4000 	/opt/homebrew/Cellar/openjdk@21/21.0.9/libexec/openjdk.jdk/Contents/Home/lib/libjli.dylib
0x000000019d18c000 	/usr/lib/libz.1.dylib
0x000000019d243000 	/usr/lib/libSystem.B.dylib
0x000000019d23d000 	/usr/lib/system/libcache.dylib
0x000000019d1f8000 	/usr/lib/system/libcommonCrypto.dylib
0x000000019d223000 	/usr/lib/system/libcompiler_rt.dylib
0x000000019d218000 	/usr/lib/system/libcopyfile.dylib
0x000000018d4bc000 	/usr/lib/system/libcorecrypto.dylib
0x000000018d5b5000 	/usr/lib/system/libdispatch.dylib
0x000000018d370000 	/usr/lib/system/libdyld.dylib
0x000000019d233000 	/usr/lib/system/libkeymgr.dylib
0x000000019d1db000 	/usr/lib/system/libmacho.dylib
0x000000019c4b2000 	/usr/lib/system/libquarantine.dylib
0x000000019d230000 	/usr/lib/system/libremovefile.dylib
0x0000000193f18000 	/usr/lib/system/libsystem_asl.dylib
0x000000018d441000 	/usr/lib/system/libsystem_blocks.dylib
0x000000018d5ff000 	/usr/lib/system/libsystem_c.dylib
0x000000019d227000 	/usr/lib/system/libsystem_collections.dylib
0x000000019af14000 	/usr/lib/system/libsystem_configuration.dylib
0x0000000199abe000 	/usr/lib/system/libsystem_containermanager.dylib
0x000000019cc42000 	/usr/lib/system/libsystem_coreservices.dylib
0x000000019172d000 	/usr/lib/system/libsystem_darwin.dylib
0x000000028cecd000 	/usr/lib/system/libsystem_darwindirectory.dylib
0x000000019d234000 	/usr/lib/system/libsystem_dnssd.dylib
0x000000028ced1000 	/usr/lib/system/libsystem_eligibility.dylib
0x000000018d5fc000 	/usr/lib/system/libsystem_featureflags.dylib
0x000000018d783000 	/usr/lib/system/libsystem_info.dylib
0x000000019d19c000 	/usr/lib/system/libsystem_m.dylib
0x000000018d569000 	/usr/lib/system/libsystem_malloc.dylib
0x0000000193e7a000 	/usr/lib/system/libsystem_networkextension.dylib
0x0000000191b9e000 	/usr/lib/system/libsystem_notify.dylib
0x000000019af19000 	/usr/lib/system/libsystem_sandbox.dylib
0x000000028cedb000 	/usr/lib/system/libsystem_sanitizers.dylib
0x000000019d22c000 	/usr/lib/system/libsystem_secinit.dylib
0x000000018d730000 	/usr/lib/system/libsystem_kernel.dylib
0x000000018d77a000 	/usr/lib/system/libsystem_platform.dylib
0x000000018d76d000 	/usr/lib/system/libsystem_pthread.dylib
0x0000000195af4000 	/usr/lib/system/libsystem_symptoms.dylib
0x000000018d49b000 	/usr/lib/system/libsystem_trace.dylib
0x000000028cee3000 	/usr/lib/system/libsystem_trial.dylib
0x000000019d206000 	/usr/lib/system/libunwind.dylib
0x000000018d445000 	/usr/lib/system/libxpc.dylib
0x000000018d31c000 	/usr/lib/libobjc.A.dylib
0x000000018d7b3000 	/System/Library/Frameworks/CoreFoundation.framework/Versions/A/CoreFoundation
0x00000001a0bab000 	/usr/lib/swift/libswiftCore.dylib
0x000000018d715000 	/usr/lib/libc++abi.dylib
0x000000028b7bd000 	/usr/lib/libRosetta.dylib
0x000000018d682000 	/usr/lib/libc++.1.dylib
0x000000018f006000 	/System/Library/Frameworks/Foundation.framework/Versions/C/Foundation
0x00000001aa300000 	/usr/lib/swift/libswiftObjectiveC.dylib
0x000000028c70e000 	/usr/lib/libswiftPrespecialized.dylib
0x000000018ec65000 	/System/Library/Frameworks/SystemConfiguration.framework/Versions/A/SystemConfiguration
0x0000000197ce2000 	/System/Library/PrivateFrameworks/CoreAutoLayout.framework/Versions/A/CoreAutoLayout
0x000000019d245000 	/usr/lib/libfakelink.dylib
0x000000019d46f000 	/usr/lib/libcompression.dylib
0x0000000193abe000 	/System/Library/Frameworks/CFNetwork.framework/Versions/A/CFNetwork
0x00000001970f7000 	/System/Library/Frameworks/DiskArbitration.framework/Versions/A/DiskArbitration
0x000000019d299000 	/usr/lib/libarchive.2.dylib
0x0000000197003000 	/usr/lib/libDiagnosticMessagesClient.dylib
0x000000019145b000 	/usr/lib/libicucore.A.dylib
0x0000000197d2c000 	/usr/lib/libxml2.2.dylib
0x00000001a5710000 	/System/Library/Frameworks/CoreServices.framework/Versions/A/CoreServices
0x000000019af27000 	/usr/lib/liblangid.dylib
0x0000000191ab3000 	/System/Library/Frameworks/IOKit.framework/Versions/A/IOKit
0x00000001a341b000 	/System/Library/Frameworks/Combine.framework/Versions/A/Combine
0x0000000247076000 	/System/Library/PrivateFrameworks/CollectionsInternal.framework/Versions/A/CollectionsInternal
0x000000026e1f5000 	/System/Library/PrivateFrameworks/ReflectionInternal.framework/Versions/A/ReflectionInternal
0x000000026f081000 	/System/Library/PrivateFrameworks/RuntimeInternal.framework/Versions/A/RuntimeInternal
0x000000019d248000 	/System/Library/PrivateFrameworks/SoftLinking.framework/Versions/A/SoftLinking
0x00000001ba17b000 	/usr/lib/swift/libswiftCoreFoundation.dylib
0x00000001b7022000 	/usr/lib/swift/libswiftDarwin.dylib
0x00000001a743a000 	/usr/lib/swift/libswiftDispatch.dylib
0x00000001ba1d5000 	/usr/lib/swift/libswiftIOKit.dylib
0x000000028cb45000 	/usr/lib/swift/libswiftSystem.dylib
0x00000001ba18d000 	/usr/lib/swift/libswiftXPC.dylib
0x000000028cb77000 	/usr/lib/swift/libswift_Builtin_float.dylib
0x000000028cb7a000 	/usr/lib/swift/libswift_Concurrency.dylib
0x000000028cc04000 	/usr/lib/swift/libswift_DarwinFoundation1.dylib
0x000000028cce5000 	/usr/lib/swift/libswift_StringProcessing.dylib
0x00000001aa304000 	/usr/lib/swift/libswiftos.dylib
0x0000000191a32000 	/System/Library/PrivateFrameworks/CoreServicesInternal.framework/Versions/A/CoreServicesInternal
0x000000019d210000 	/usr/lib/liboah.dylib
0x0000000191036000 	/System/Library/Frameworks/Security.framework/Versions/A/Security
0x00000001a974d000 	/System/Library/PrivateFrameworks/DiskImages.framework/Versions/A/DiskImages
0x00000001b6ae4000 	/System/Library/Frameworks/NetFS.framework/Versions/A/NetFS
0x0000000197ca6000 	/System/Library/Frameworks/CoreServices.framework/Versions/A/Frameworks/FSEvents.framework/Versions/A/FSEvents
0x0000000191738000 	/System/Library/Frameworks/CoreServices.framework/Versions/A/Frameworks/CarbonCore.framework/Versions/A/CarbonCore
0x000000019706b000 	/System/Library/Frameworks/CoreServices.framework/Versions/A/Frameworks/Metadata.framework/Versions/A/Metadata
0x000000019cc4a000 	/System/Library/Frameworks/CoreServices.framework/Versions/A/Frameworks/OSServices.framework/Versions/A/OSServices
0x000000019d391000 	/System/Library/Frameworks/CoreServices.framework/Versions/A/Frameworks/SearchKit.framework/Versions/A/SearchKit
0x0000000195a6d000 	/System/Library/Frameworks/CoreServices.framework/Versions/A/Frameworks/AE.framework/Versions/A/AE
0x000000018dcfd000 	/System/Library/Frameworks/CoreServices.framework/Versions/A/Frameworks/LaunchServices.framework/Versions/A/LaunchServices
0x000000019e7b2000 	/System/Library/Frameworks/CoreServices.framework/Versions/A/Frameworks/DictionaryServices.framework/Versions/A/DictionaryServices
0x0000000197cb4000 	/System/Library/Frameworks/CoreServices.framework/Versions/A/Frameworks/SharedFileList.framework/Versions/A/SharedFileList
0x000000019d426000 	/usr/lib/libapple_nghttp2.dylib
0x0000000195687000 	/usr/lib/libsqlite3.dylib
0x00000001a9995000 	/System/Library/PrivateFrameworks/AppSupport.framework/Versions/A/AppSupport
0x0000000196fd3000 	/System/Library/PrivateFrameworks/CoreAnalytics.framework/Versions/A/CoreAnalytics
0x000000019451c000 	/System/Library/Frameworks/CoreGraphics.framework/Versions/A/CoreGraphics
0x00000001a18dd000 	/System/Library/Frameworks/GSS.framework/Versions/A/GSS
0x000000019fcac000 	/System/Library/PrivateFrameworks/InternationalSupport.framework/Versions/A/InternationalSupport
0x0000000195a01000 	/System/Library/PrivateFrameworks/RunningBoardServices.framework/Versions/A/RunningBoardServices
0x00000001aa28e000 	/System/Library/PrivateFrameworks/StreamingZip.framework/Versions/A/StreamingZip
0x0000000193e95000 	/usr/lib/libenergytrace.dylib
0x0000000195afd000 	/System/Library/Frameworks/Network.framework/Versions/A/Network
0x000000019c4da000 	/usr/lib/libbsm.0.dylib
0x000000019d1df000 	/usr/lib/system/libkxld.dylib
0x00000002428d7000 	/System/Library/PrivateFrameworks/AppleKeyStore.framework/Versions/A/AppleKeyStore
0x000000028b4a0000 	/usr/lib/libCoreEntitlements.dylib
0x00000002640c7000 	/System/Library/PrivateFrameworks/MessageSecurity.framework/Versions/A/MessageSecurity
0x000000019566b000 	/System/Library/PrivateFrameworks/ProtocolBuffer.framework/Versions/A/ProtocolBuffer
0x00000001a683b000 	/System/Library/PrivateFrameworks/SymptomDiagnosticReporter.framework/Versions/A/SymptomDiagnosticReporter
0x000000019e9f6000 	/System/Library/PrivateFrameworks/CrashReporterSupport.framework/Versions/A/CrashReporterSupport
0x0000000193e97000 	/usr/lib/libMobileGestalt.dylib
0x000000019cc29000 	/System/Library/PrivateFrameworks/AppleFSCompression.framework/Versions/A/AppleFSCompression
0x000000019c4c2000 	/usr/lib/libcoretls.dylib
0x000000019e829000 	/usr/lib/libcoretls_cfhelpers.dylib
0x000000019d468000 	/usr/lib/libpam.2.dylib
0x000000019e89b000 	/usr/lib/libxar.1.dylib
0x000000019e82b000 	/System/Library/PrivateFrameworks/APFS.framework/Versions/A/APFS
0x0000000279b2d000 	/System/Library/PrivateFrameworks/SwiftASN1Internal.framework/Versions/A/SwiftASN1Internal
0x000000019e8aa000 	/usr/lib/libutil.dylib
0x000000019af22000 	/System/Library/PrivateFrameworks/AppleSystemInfo.framework/Versions/A/AppleSystemInfo
0x000000019c1aa000 	/System/Library/PrivateFrameworks/IOMobileFramebuffer.framework/Versions/A/IOMobileFramebuffer
0x0000000199af7000 	/System/Library/Frameworks/IOSurface.framework/Versions/A/IOSurface
0x00000001ba041000 	/System/Library/PrivateFrameworks/LoggingSupport.framework/Versions/A/LoggingSupport
0x00000001a1940000 	/System/Library/PrivateFrameworks/MobileAsset.framework/Versions/A/MobileAsset
0x00000001a684b000 	/System/Library/PrivateFrameworks/PowerLog.framework/Versions/A/PowerLog
0x000000023bdec000 	/System/Library/Frameworks/SwiftData.framework/Versions/A/SwiftData
0x00000001934f4000 	/System/Library/Frameworks/UniformTypeIdentifiers.framework/Versions/A/UniformTypeIdentifiers
0x0000000197ed9000 	/System/Library/PrivateFrameworks/UserManagement.framework/Versions/A/UserManagement
0x00000001939e9000 	/usr/lib/libboringssl.dylib
0x0000000195ae2000 	/usr/lib/libdns_services.dylib
0x00000001b9078000 	/usr/lib/libquic.dylib
0x00000001a0b3b000 	/usr/lib/libusrtcp.dylib
0x00000002436c9000 	/System/Library/PrivateFrameworks/AtomicsInternal.framework/Versions/A/AtomicsInternal
0x00000001df9ee000 	/System/Library/PrivateFrameworks/InternalSwiftProtobuf.framework/Versions/A/InternalSwiftProtobuf
0x000000028c9d5000 	/usr/lib/swift/libswiftDistributed.dylib
0x000000028c9fe000 	/usr/lib/swift/libswiftObservation.dylib
0x000000028cb3d000 	/usr/lib/swift/libswiftSynchronization.dylib
0x000000019af20000 	/System/Library/PrivateFrameworks/AggregateDictionary.framework/Versions/A/AggregateDictionary
0x0000000243e5c000 	/System/Library/PrivateFrameworks/BiomeLibrary.framework/Versions/A/BiomeLibrary
0x00000001c8dfd000 	/System/Library/PrivateFrameworks/BiomeStreams.framework/Versions/A/BiomeStreams
0x00000001c4fc8000 	/System/Library/PrivateFrameworks/BiomeFoundation.framework/Versions/A/BiomeFoundation
0x00000001ceebe000 	/System/Library/PrivateFrameworks/BiomePubSub.framework/Versions/A/BiomePubSub
0x0000000195280000 	/System/Library/Frameworks/CoreData.framework/Versions/A/CoreData
0x00000001ab2ba000 	/System/Library/PrivateFrameworks/ProactiveSupport.framework/Versions/A/ProactiveSupport
0x000000019e80a000 	/usr/lib/liblzma.5.dylib
0x00000001a5987000 	/System/Library/Frameworks/Accelerate.framework/Versions/A/Accelerate
0x000000019c3bb000 	/System/Library/PrivateFrameworks/MobileKeyBag.framework/Versions/A/MobileKeyBag
0x00000001a9cb0000 	/System/Library/PrivateFrameworks/InternationalTextSearch.framework/Versions/A/InternationalTextSearch
0x00000001c14cc000 	/System/Library/PrivateFrameworks/SoftwareUpdateCoreSupport.framework/Versions/A/SoftwareUpdateCoreSupport
0x00000001c9881000 	/System/Library/PrivateFrameworks/SoftwareUpdateCoreConnect.framework/Versions/A/SoftwareUpdateCoreConnect
0x00000001a984b000 	/System/Library/PrivateFrameworks/RemoteServiceDiscovery.framework/Versions/A/RemoteServiceDiscovery
0x00000001c10c3000 	/System/Library/PrivateFrameworks/MSUDataAccessor.framework/Versions/A/MSUDataAccessor
0x00000001bc19d000 	/usr/lib/libbootpolicy.dylib
0x00000001a9862000 	/System/Library/PrivateFrameworks/RemoteXPC.framework/Versions/A/RemoteXPC
0x00000001c8cc9000 	/usr/lib/libFDR.dylib
0x00000001ceadf000 	/usr/lib/libamsupport.dylib
0x000000028b7b5000 	/usr/lib/libReverseProxyDevice.dylib
0x0000000242200000 	/System/Library/PrivateFrameworks/AppleDeviceQuerySupport.framework/Versions/A/AppleDeviceQuerySupport
0x00000001d1b73000 	/usr/lib/libpartition2_dynamic.dylib
0x000000019d402000 	/System/Library/PrivateFrameworks/AppleSauce.framework/Versions/A/AppleSauce
0x000000028b341000 	/usr/lib/libAppleArchive.dylib
0x000000019cc35000 	/usr/lib/libbz2.1.0.dylib
0x0000000197101000 	/System/Library/Frameworks/Accelerate.framework/Versions/A/Frameworks/vImage.framework/Versions/A/vImage
0x00000001a56ea000 	/System/Library/Frameworks/Accelerate.framework/Versions/A/Frameworks/vecLib.framework/Versions/A/vecLib
0x000000019e8e1000 	/System/Library/Frameworks/Accelerate.framework/Versions/A/Frameworks/vecLib.framework/Versions/A/libvMisc.dylib
0x000000018e1fd000 	/System/Library/Frameworks/Accelerate.framework/Versions/A/Frameworks/vecLib.framework/Versions/A/libBLAS.dylib
0x00000001a9caf000 	/System/Library/Frameworks/ApplicationServices.framework/Versions/A/ApplicationServices
0x0000000197e13000 	/System/Library/Frameworks/CoreVideo.framework/Versions/A/CoreVideo
0x0000000194c76000 	/System/Library/Frameworks/ColorSync.framework/Versions/A/ColorSync
0x0000000190657000 	/System/Library/Frameworks/CoreText.framework/Versions/A/CoreText
0x000000019a618000 	/System/Library/Frameworks/ImageIO.framework/Versions/A/ImageIO
0x00000001a14e4000 	/System/Library/Frameworks/ApplicationServices.framework/Versions/A/Frameworks/ATS.framework/Versions/A/ATS
0x0000000194e22000 	/System/Library/Frameworks/ApplicationServices.framework/Versions/A/Frameworks/HIServices.framework/Versions/A/HIServices
0x000000019fb95000 	/System/Library/Frameworks/ApplicationServices.framework/Versions/A/Frameworks/PrintCore.framework/Versions/A/PrintCore
0x00000001a18a6000 	/System/Library/Frameworks/ApplicationServices.framework/Versions/A/Frameworks/QD.framework/Versions/A/QD
0x00000001a18a1000 	/System/Library/Frameworks/ApplicationServices.framework/Versions/A/Frameworks/ColorSyncLegacy.framework/Versions/A/ColorSyncLegacy
0x00000001a14b6000 	/System/Library/Frameworks/ApplicationServices.framework/Versions/A/Frameworks/SpeechSynthesis.framework/Versions/A/SpeechSynthesis
0x0000000193f55000 	/System/Library/PrivateFrameworks/SkyLight.framework/Versions/A/SkyLight
0x0000000199fe9000 	/System/Library/PrivateFrameworks/FontServices.framework/libFontParser.dylib
0x0000000195910000 	/System/Library/PrivateFrameworks/BaseBoard.framework/Versions/A/BaseBoard
0x00000001a779e000 	/System/Library/PrivateFrameworks/BoardServices.framework/Versions/A/BoardServices
0x00000001a9571000 	/System/Library/PrivateFrameworks/BackBoardServices.framework/Versions/A/BackBoardServices
0x0000000243d75000 	/System/Library/PrivateFrameworks/BackBoardHIDEventFoundation.framework/Versions/A/BackBoardHIDEventFoundation
0x0000000190168000 	/System/Library/Frameworks/CoreDisplay.framework/Versions/A/CoreDisplay
0x000000019f4cc000 	/System/Library/Frameworks/VideoToolbox.framework/Versions/A/VideoToolbox
0x000000019d466000 	/System/Library/Frameworks/MetalPerformanceShaders.framework/Versions/A/MetalPerformanceShaders
0x000000026d261000 	/System/Library/PrivateFrameworks/ProDisplayLibrary.framework/Versions/A/ProDisplayLibrary
0x00000001ad351000 	/System/Library/PrivateFrameworks/IOSurfaceAccelerator.framework/Versions/A/IOSurfaceAccelerator
0x0000000199b1f000 	/System/Library/Frameworks/Metal.framework/Versions/A/Metal
0x0000000199b14000 	/System/Library/PrivateFrameworks/IOAccelerator.framework/Versions/A/IOAccelerator
0x0000000199e2c000 	/System/Library/Frameworks/CoreMedia.framework/Versions/A/CoreMedia
0x0000000193f30000 	/System/Library/PrivateFrameworks/TCC.framework/Versions/A/TCC
0x000000019f484000 	/System/Library/PrivateFrameworks/WatchdogClient.framework/Versions/A/WatchdogClient
0x0000000197538000 	/System/Library/Frameworks/QuartzCore.framework/Versions/A/QuartzCore
0x000000019f486000 	/System/Library/PrivateFrameworks/MultitouchSupport.framework/Versions/A/MultitouchSupport
0x00000001d1973000 	/usr/lib/swift/libswiftAccelerate.dylib
0x00000001ba15b000 	/usr/lib/swift/libswiftCoreAudio.dylib
0x00000001d59bb000 	/usr/lib/swift/libswiftCoreMedia.dylib
0x00000001c7ddd000 	/usr/lib/swift/libswiftMetal.dylib
0x00000001d7162000 	/usr/lib/swift/libswiftOSLog.dylib
0x00000001cd0f6000 	/usr/lib/swift/libswiftQuartzCore.dylib
0x00000001d1964000 	/usr/lib/swift/libswiftUniformTypeIdentifiers.dylib
0x000000028cb5f000 	/usr/lib/swift/libswiftVideoToolbox.dylib
0x00000001bdc3a000 	/usr/lib/swift/libswiftsimd.dylib
0x00000001cef1c000 	/System/Library/PrivateFrameworks/BiomeStorage.framework/Versions/A/BiomeStorage
0x000000025e727000 	/System/Library/PrivateFrameworks/IntelligencePlatformLibrary.framework/Versions/A/IntelligencePlatformLibrary
0x000000026c560000 	/System/Library/PrivateFrameworks/PoirotSchematizer.framework/Versions/A/PoirotSchematizer
0x00000002446a4000 	/System/Library/PrivateFrameworks/BiomeSync.framework/Versions/A/BiomeSync
0x0000000243e42000 	/System/Library/PrivateFrameworks/BiomeDSL.framework/Versions/A/BiomeDSL
0x00000001e788e000 	/System/Library/PrivateFrameworks/FeatureFlags.framework/Versions/A/FeatureFlags
0x000000026c5ca000 	/System/Library/PrivateFrameworks/PoirotUDFs.framework/Versions/A/PoirotUDFs
0x000000026c52f000 	/System/Library/PrivateFrameworks/PoirotSQLite.framework/Versions/A/PoirotSQLite
0x00000001a7cbb000 	/System/Library/PrivateFrameworks/CoreTime.framework/Versions/A/CoreTime
0x000000019d27e000 	/usr/lib/libiconv.2.dylib
0x000000019d1da000 	/usr/lib/libcharset.1.dylib
0x000000028cc45000 	/usr/lib/swift/libswift_RegexParser.dylib
0x0000000245cb5000 	/System/Library/PrivateFrameworks/CascadeSets.framework/Versions/A/CascadeSets
0x00000001a1ab0000 	/System/Library/PrivateFrameworks/CorePhoneNumbers.framework/Versions/A/CorePhoneNumbers
0x000000019f26c000 	/System/Library/PrivateFrameworks/AppleJPEG.framework/Versions/A/AppleJPEG
0x000000019ec4e000 	/usr/lib/libexpat.1.dylib
0x000000019fa68000 	/System/Library/Frameworks/ImageIO.framework/Versions/A/Resources/libPng.dylib
0x000000019fa94000 	/System/Library/Frameworks/ImageIO.framework/Versions/A/Resources/libTIFF.dylib
0x000000019fb7e000 	/System/Library/Frameworks/ImageIO.framework/Versions/A/Resources/libGIF.dylib
0x000000019f2b1000 	/System/Library/Frameworks/ImageIO.framework/Versions/A/Resources/libJP2.dylib
0x000000019e95c000 	/usr/lib/libate.dylib
0x000000019fb24000 	/System/Library/Frameworks/ImageIO.framework/Versions/A/Resources/libJPEG.dylib
0x000000019fb1b000 	/System/Library/Frameworks/ImageIO.framework/Versions/A/Resources/libRadiance.dylib
0x0000000254f05000 	/System/Library/PrivateFrameworks/GPUCompiler.framework/Versions/32023/Libraries/libllvm-flatbuffers.dylib
0x000000024f811000 	/System/Library/PrivateFrameworks/FramePacing.framework/Versions/A/FramePacing
0x0000000231936000 	/System/Library/Frameworks/OpenGL.framework/Versions/A/Libraries/libCoreFSCache.dylib
0x0000000250952000 	/System/Library/PrivateFrameworks/GPUCompiler.framework/Versions/32023/Libraries/libGPUCompilerUtils.dylib
0x00000001a786b000 	/System/Library/PrivateFrameworks/GraphicsServices.framework/Versions/A/GraphicsServices
0x000000019a967000 	/System/Library/Frameworks/CoreImage.framework/Versions/A/CoreImage
0x00000001ab446000 	/System/Library/PrivateFrameworks/ASEProcessing.framework/Versions/A/ASEProcessing
0x00000001db1bd000 	/System/Library/PrivateFrameworks/Symbolication.framework/Versions/A/Symbolication
0x000000026c14c000 	/System/Library/PrivateFrameworks/PhotosensitivityProcessing.framework/Versions/A/PhotosensitivityProcessing
0x000000026f2ba000 	/System/Library/PrivateFrameworks/SILManager.framework/Versions/A/SILManager
0x0000000231944000 	/System/Library/Frameworks/OpenGL.framework/Versions/A/OpenGL
0x000000019ee80000 	/System/Library/PrivateFrameworks/GraphVisualizer.framework/Versions/A/GraphVisualizer
0x0000000231995000 	/System/Library/Frameworks/OpenGL.framework/Versions/A/Libraries/libGLU.dylib
0x0000000231958000 	/System/Library/Frameworks/OpenGL.framework/Versions/A/Libraries/libGFXShared.dylib
0x0000000231b24000 	/System/Library/Frameworks/OpenGL.framework/Versions/A/Libraries/libGL.dylib
0x0000000231961000 	/System/Library/Frameworks/OpenGL.framework/Versions/A/Libraries/libGLImage.dylib
0x0000000231955000 	/System/Library/Frameworks/OpenGL.framework/Versions/A/Libraries/libCVMSPluginSupport.dylib
0x000000023193e000 	/System/Library/Frameworks/OpenGL.framework/Versions/A/Libraries/libCoreVMClient.dylib
0x000000024f71c000 	/System/Library/PrivateFrameworks/FontServices.framework/Versions/A/FontServices
0x000000019ee90000 	/System/Library/PrivateFrameworks/OTSVG.framework/Versions/A/OTSVG
0x000000019795a000 	/System/Library/Frameworks/ApplicationServices.framework/Versions/A/Frameworks/ATS.framework/Versions/A/Resources/libFontRegistry.dylib
0x000000028bcc5000 	/usr/lib/libhvf.dylib
0x0000000268f84000 	/System/Library/PrivateFrameworks/ParsingInternal.framework/Versions/A/ParsingInternal
0x000000024f720000 	/System/Library/PrivateFrameworks/FontServices.framework/libXTFontStaticRegistryData.dylib
0x000000019ae5f000 	/System/Library/Frameworks/MetalPerformanceShaders.framework/Versions/A/Frameworks/MPSCore.framework/Versions/A/MPSCore
0x000000019cb94000 	/System/Library/Frameworks/MetalPerformanceShaders.framework/Versions/A/Frameworks/MPSImage.framework/Versions/A/MPSImage
0x000000019c565000 	/System/Library/Frameworks/MetalPerformanceShaders.framework/Versions/A/Frameworks/MPSNeuralNetwork.framework/Versions/A/MPSNeuralNetwork
0x000000019c99d000 	/System/Library/Frameworks/MetalPerformanceShaders.framework/Versions/A/Frameworks/MPSMatrix.framework/Versions/A/MPSMatrix
0x000000019c7b2000 	/System/Library/Frameworks/MetalPerformanceShaders.framework/Versions/A/Frameworks/MPSRayIntersector.framework/Versions/A/MPSRayIntersector
0x000000019c9cf000 	/System/Library/Frameworks/MetalPerformanceShaders.framework/Versions/A/Frameworks/MPSNDArray.framework/Versions/A/MPSNDArray
0x0000000235acd000 	/System/Library/Frameworks/MetalPerformanceShaders.framework/Versions/A/Frameworks/MPSFunctions.framework/Versions/A/MPSFunctions
0x0000000235aae000 	/System/Library/Frameworks/MetalPerformanceShaders.framework/Versions/A/Frameworks/MPSBenchmarkLoop.framework/Versions/A/MPSBenchmarkLoop
0x0000000235ae2000 	/System/Library/Frameworks/MetalPerformanceShaders.framework/Versions/A/Frameworks/MPSHost.framework/Versions/A/MPSHost
0x000000018e019000 	/System/Library/PrivateFrameworks/MetalTools.framework/Versions/A/MetalTools
0x00000001bf2e6000 	/System/Library/PrivateFrameworks/IOAccelMemoryInfo.framework/Versions/A/IOAccelMemoryInfo
0x00000001cd4ec000 	/System/Library/PrivateFrameworks/kperf.framework/Versions/A/kperf
0x00000001ba157000 	/System/Library/PrivateFrameworks/GPURawCounter.framework/Versions/A/GPURawCounter
0x00000001a7ba4000 	/System/Library/PrivateFrameworks/CoreSymbolication.framework/Versions/A/CoreSymbolication
0x00000001ba0ce000 	/System/Library/PrivateFrameworks/MallocStackLogging.framework/Versions/A/MallocStackLogging
0x00000001a7b81000 	/System/Library/PrivateFrameworks/DebugSymbols.framework/Versions/A/DebugSymbols
0x00000001cbd52000 	/System/Library/PrivateFrameworks/OSAnalytics.framework/Versions/A/OSAnalytics
0x000000024d609000 	/System/Library/PrivateFrameworks/DeviceRecovery.framework/Versions/A/DeviceRecovery
0x00000002338e4000 	/System/Library/Frameworks/ExtensionFoundation.framework/Versions/A/ExtensionFoundation
0x000000019eed1000 	/System/Library/PrivateFrameworks/AppServerSupport.framework/Versions/A/AppServerSupport
0x000000019ecd3000 	/System/Library/PrivateFrameworks/IconServices.framework/Versions/A/IconServices
0x0000000234c4c000 	/System/Library/Frameworks/LightweightCodeRequirements.framework/Versions/A/LightweightCodeRequirements
0x000000019eb4d000 	/System/Library/PrivateFrameworks/PlugInKit.framework/Versions/A/PlugInKit
0x000000019c3d3000 	/System/Library/PrivateFrameworks/AssertionServices.framework/Versions/A/AssertionServices
0x000000019ec73000 	/System/Library/PrivateFrameworks/IconFoundation.framework/Versions/A/IconFoundation
0x000000025b629000 	/System/Library/PrivateFrameworks/IconRendering.framework/Versions/A/IconRendering
0x00000001979ad000 	/System/Library/PrivateFrameworks/CoreUI.framework/Versions/A/CoreUI
0x000000026f232000 	/System/Library/PrivateFrameworks/SFSymbols.framework/Versions/A/SFSymbols
0x000000023379f000 	/System/Library/Frameworks/DeveloperToolsSupport.framework/Versions/A/DeveloperToolsSupport
0x00000001b138e000 	/System/Library/PrivateFrameworks/RenderBox.framework/Versions/A/RenderBox
0x000000019a5da000 	/System/Library/PrivateFrameworks/CoreSVG.framework/Versions/A/CoreSVG
0x000000019fc0c000 	/System/Library/PrivateFrameworks/TextureIO.framework/Versions/A/TextureIO
0x00000001ba1d4000 	/usr/lib/swift/libswiftCoreImage.dylib
0x000000019fb50000 	/System/Library/Frameworks/ApplicationServices.framework/Versions/A/Frameworks/ATSUI.framework/Versions/A/ATSUI
0x00000001a1243000 	/System/Library/Frameworks/AudioToolbox.framework/Versions/A/AudioToolbox
0x000000019028c000 	/System/Library/PrivateFrameworks/AudioToolboxCore.framework/Versions/A/AudioToolboxCore
0x00000001a141e000 	/System/Library/PrivateFrameworks/AudioSession.framework/Versions/A/AudioSession
0x00000001ac692000 	/System/Library/Frameworks/CoreMIDI.framework/Versions/A/CoreMIDI
0x00000001a149d000 	/usr/lib/libAudioStatistics.dylib
0x0000000199e03000 	/System/Library/PrivateFrameworks/caulk.framework/Versions/A/caulk
0x0000000190884000 	/System/Library/Frameworks/CoreAudio.framework/Versions/A/CoreAudio
0x000000019fa42000 	/usr/lib/libAudioToolboxUtility.dylib
0x00000001c090c000 	/usr/lib/swift/libswiftCoreMIDI.dylib
0x00000001a18af000 	/System/Library/PrivateFrameworks/perfdata.framework/Versions/A/perfdata
0x00000001b9175000 	/System/Library/PrivateFrameworks/SystemPolicy.framework/Versions/A/SystemPolicy
0x00000001a1754000 	/usr/lib/libSMC.dylib
0x00000001a18bd000 	/usr/lib/libperfcheck.dylib
0x0000000243789000 	/System/Library/PrivateFrameworks/AudioAnalytics.framework/Versions/A/AudioAnalytics
0x000000028cc08000 	/usr/lib/swift/libswift_DarwinFoundation2.dylib
0x000000028cc09000 	/usr/lib/swift/libswift_DarwinFoundation3.dylib
0x00000001df6eb000 	/System/Library/Frameworks/OSLog.framework/Versions/A/OSLog
0x00000001ba100000 	/usr/lib/libmis.dylib
0x000000019ed91000 	/System/Library/PrivateFrameworks/MediaExperience.framework/Versions/A/MediaExperience
0x00000001a11ec000 	/System/Library/PrivateFrameworks/AudioSession.framework/libSessionUtility.dylib
0x000000019fb84000 	/System/Library/PrivateFrameworks/CMCaptureCore.framework/Versions/A/CMCaptureCore
0x000000019eede000 	/usr/lib/libspindump.dylib
0x00000001a6735000 	/System/Library/Frameworks/CoreBluetooth.framework/Versions/A/CoreBluetooth
0x000000019c23f000 	/System/Library/PrivateFrameworks/CoreUtils.framework/Versions/A/CoreUtils
0x00000001b20b5000 	/System/Library/PrivateFrameworks/HID.framework/Versions/A/HID
0x000000024ca06000 	/System/Library/PrivateFrameworks/CoreUtilsExtras.framework/Versions/A/CoreUtilsExtras
0x000000025b57e000 	/System/Library/PrivateFrameworks/IO80211.framework/Versions/A/IO80211
0x00000001a316e000 	/System/Library/Frameworks/IOBluetooth.framework/Versions/A/IOBluetooth
0x00000001c7dea000 	/usr/lib/swift/libswiftCompression.dylib
0x0000000243377000 	/System/Library/PrivateFrameworks/ArgumentParserInternal.framework/Versions/A/ArgumentParserInternal
0x000000019e9ed000 	/usr/lib/libIOReport.dylib
0x000000019c3e2000 	/System/Library/Frameworks/SecurityFoundation.framework/Versions/A/SecurityFoundation
0x000000018e9dd000 	/System/Library/PrivateFrameworks/Lexicon.framework/Versions/A/Lexicon
0x00000001a76bf000 	/System/Library/PrivateFrameworks/FrontBoardServices.framework/Versions/A/FrontBoardServices
0x000000019c54d000 	/usr/lib/libgermantok.dylib
0x000000019b04b000 	/System/Library/PrivateFrameworks/LinguisticData.framework/Versions/A/LinguisticData
0x00000001a693d000 	/System/Library/PrivateFrameworks/MediaKit.framework/Versions/A/MediaKit
0x00000001a6888000 	/System/Library/Frameworks/DiscRecording.framework/Versions/A/DiscRecording
0x000000019ec69000 	/usr/lib/libheimdal-asn1.dylib
0x00000001aa264000 	/System/Library/Frameworks/AudioUnit.framework/Versions/A/AudioUnit
0x0000000197c79000 	/System/Library/Frameworks/OpenDirectory.framework/Versions/A/OpenDirectory
0x0000000197c87000 	/System/Library/Frameworks/OpenDirectory.framework/Versions/A/Frameworks/CFOpenDirectory.framework/Versions/A/CFOpenDirectory
0x0000000231ea8000 	/System/Library/Frameworks/AVFAudio.framework/Versions/A/AVFAudio
0x00000001b3086000 	/usr/lib/libAccessibility.dylib
0x000000025f2ce000 	/System/Library/PrivateFrameworks/IsolatedCoreAudioClient.framework/Versions/A/IsolatedCoreAudioClient
0x000000027d108000 	/System/Library/PrivateFrameworks/Tightbeam.framework/Versions/A/Tightbeam
0x0000000248904000 	/System/Library/PrivateFrameworks/CoreAudioOrchestration.framework/Versions/A/CoreAudioOrchestration
0x00000001d20c6000 	/System/Library/PrivateFrameworks/AFKUser.framework/Versions/A/AFKUser
0x00000001a59d7000 	/System/Library/Frameworks/MediaAccessibility.framework/Versions/A/MediaAccessibility
0x0000000281327000 	/System/Library/PrivateFrameworks/VideoToolboxParavirtualizationSupport.framework/Versions/A/VideoToolboxParavirtualizationSupport
0x000000019ec05000 	/System/Library/PrivateFrameworks/AppleVA.framework/Versions/A/AppleVA
0x000000019fb16000 	/System/Library/PrivateFrameworks/GPUWrangler.framework/Versions/A/GPUWrangler
0x000000019faf6000 	/System/Library/PrivateFrameworks/IOPresentment.framework/Versions/A/IOPresentment
0x000000019fb1e000 	/System/Library/PrivateFrameworks/DSExternalDisplay.framework/Versions/A/DSExternalDisplay
0x00000002431ce000 	/System/Library/PrivateFrameworks/AppleMobileFileIntegrity.framework/Versions/A/AppleMobileFileIntegrity
0x000000028b842000 	/usr/lib/libTLE.dylib
0x00000001f09f1000 	/System/Library/PrivateFrameworks/ConfigProfileHelper.framework/Versions/A/ConfigProfileHelper
0x00000001e57fe000 	/usr/lib/libedit.3.dylib
0x000000026084e000 	/System/Library/PrivateFrameworks/MIL.framework/Versions/A/MIL
0x00000001bf2a9000 	/usr/lib/libncurses.5.4.dylib
0x000000019c174000 	/System/Library/PrivateFrameworks/CoreEmoji.framework/Versions/A/CoreEmoji
0x000000018ecf9000 	/usr/lib/libCRFSuite.dylib
0x000000019af29000 	/System/Library/PrivateFrameworks/CoreNLP.framework/Versions/A/CoreNLP
0x000000019c4ec000 	/usr/lib/libmecab.dylib
0x000000019d3f9000 	/usr/lib/libThaiTokenizer.dylib
0x000000019ffb4000 	/System/Library/PrivateFrameworks/DataDetectorsCore.framework/Versions/A/DataDetectorsCore
0x000000023378a000 	/System/Library/Frameworks/DataDetection.framework/Versions/A/DataDetection
0x00000001bdeaa000 	/System/Library/PrivateFrameworks/TextInput.framework/Versions/A/TextInput
0x00000001dfbb6000 	/System/Library/PrivateFrameworks/HIDDisplay.framework/Versions/A/HIDDisplay
0x00000001a1835000 	/usr/lib/libcups.2.dylib
0x00000001a18cb000 	/System/Library/Frameworks/Kerberos.framework/Versions/A/Kerberos
0x00000001a152c000 	/usr/lib/libresolv.9.dylib
0x000000019eee5000 	/System/Library/PrivateFrameworks/Heimdal.framework/Versions/A/Heimdal
0x00000001aa263000 	/System/Library/Frameworks/Kerberos.framework/Versions/A/Libraries/libHeimdalProxy.dylib
0x00000001a192f000 	/System/Library/PrivateFrameworks/CommonAuth.framework/Versions/A/CommonAuth
0x00000001b2f81000 	/System/Library/PrivateFrameworks/AXCoreUtilities.framework/Versions/A/AXCoreUtilities
0x00000001c30cf000 	/System/Library/PrivateFrameworks/AttributeGraph.framework/Versions/A/AttributeGraph
0x000000028b25b000 	/usr/lib/libAXSafeCategoryBundle.dylib
0x000000019c03a000 	/System/Library/Frameworks/Accelerate.framework/Versions/A/Frameworks/vecLib.framework/Versions/A/libvDSP.dylib
0x000000019d546000 	/System/Library/Frameworks/Accelerate.framework/Versions/A/Frameworks/vecLib.framework/Versions/A/libLAPACK.dylib
0x000000019c550000 	/System/Library/Frameworks/Accelerate.framework/Versions/A/Frameworks/vecLib.framework/Versions/A/libLinearAlgebra.dylib
0x000000019d43f000 	/System/Library/Frameworks/Accelerate.framework/Versions/A/Frameworks/vecLib.framework/Versions/A/libSparseBLAS.dylib
0x000000019d541000 	/System/Library/Frameworks/Accelerate.framework/Versions/A/Frameworks/vecLib.framework/Versions/A/libQuadrature.dylib
0x000000019b052000 	/System/Library/Frameworks/Accelerate.framework/Versions/A/Frameworks/vecLib.framework/Versions/A/libBNNS.dylib
0x000000018eaf2000 	/System/Library/Frameworks/Accelerate.framework/Versions/A/Frameworks/vecLib.framework/Versions/A/libSparse.dylib
0x000000023324e000 	/System/Library/Frameworks/CoreTransferable.framework/Versions/A/CoreTransferable
0x00000001a1894000 	/System/Library/PrivateFrameworks/NetAuth.framework/Versions/A/NetAuth
0x0000000197e98000 	/System/Library/PrivateFrameworks/login.framework/Versions/A/Frameworks/loginsupport.framework/Versions/A/loginsupport
0x0000000193339000 	/System/Library/PrivateFrameworks/UIFoundation.framework/Versions/A/UIFoundation
0x000000019c4b6000 	/usr/lib/libCheckFix.dylib
0x0000000197005000 	/System/Library/PrivateFrameworks/MetadataUtilities.framework/Versions/A/MetadataUtilities
0x000000025c046000 	/System/Library/PrivateFrameworks/InstalledContentLibrary.framework/Versions/A/InstalledContentLibrary
0x0000000191a73000 	/System/Library/PrivateFrameworks/CoreServicesStore.framework/Versions/A/CoreServicesStore
0x0000000197cde000 	/usr/lib/libapp_launch_measurement.dylib
0x00000001cd5f3000 	/System/Library/PrivateFrameworks/MobileSystemServices.framework/Versions/A/MobileSystemServices
0x000000019e8ae000 	/usr/lib/libxslt.1.dylib
0x000000019c475000 	/System/Library/PrivateFrameworks/BackgroundTaskManagement.framework/Versions/A/BackgroundTaskManagement
0x00000001a990d000 	/usr/lib/libcurl.4.dylib
0x000000028ba7b000 	/usr/lib/libcrypto.46.dylib
0x000000028c69b000 	/usr/lib/libssl.48.dylib
0x00000001a95e3000 	/System/Library/Frameworks/LDAP.framework/Versions/A/LDAP
0x00000001a961f000 	/System/Library/PrivateFrameworks/TrustEvaluationAgent.framework/Versions/A/TrustEvaluationAgent
0x00000001a1549000 	/usr/lib/libsasl2.2.dylib
0x00000001ac87f000 	/System/Library/Frameworks/Cocoa.framework/Versions/A/Cocoa
0x0000000191c0c000 	/System/Library/Frameworks/AppKit.framework/Versions/C/AppKit
0x0000000247051000 	/System/Library/PrivateFrameworks/CollectionViewCore.framework/Versions/A/CollectionViewCore
0x000000019a5d4000 	/System/Library/PrivateFrameworks/XCTTargetBootstrap.framework/Versions/A/XCTTargetBootstrap
0x00000001a0006000 	/System/Library/PrivateFrameworks/UserActivity.framework/Versions/A/UserActivity
0x000000024f81e000 	/System/Library/PrivateFrameworks/FrontBoard.framework/Versions/A/FrontBoard
0x000000027f072000 	/System/Library/PrivateFrameworks/UIIntelligenceSupport.framework/Versions/A/UIIntelligenceSupport
0x000000023bf5a000 	/System/Library/Frameworks/SwiftUICore.framework/Versions/A/SwiftUICore
0x0000000285626000 	/System/Library/PrivateFrameworks/WritingTools.framework/Versions/A/WritingTools
0x0000000284477000 	/System/Library/PrivateFrameworks/WindowManagement.framework/Versions/A/WindowManagement
0x000000024f557000 	/System/Library/PrivateFrameworks/FocusEngine.framework/Versions/A/FocusEngine
0x000000024d152000 	/System/Library/PrivateFrameworks/DesignLibrary.framework/Versions/A/DesignLibrary
0x000000019a5bf000 	/System/Library/PrivateFrameworks/DFRFoundation.framework/Versions/A/DFRFoundation
0x000000027fc85000 	/System/Library/PrivateFrameworks/UpdateCycle.framework/Versions/A/UpdateCycle
0x000000019a2bb000 	/System/Library/Frameworks/Carbon.framework/Versions/A/Frameworks/HIToolbox.framework/Versions/A/HIToolbox
0x00000001a5306000 	/System/Library/Frameworks/Carbon.framework/Versions/A/Frameworks/SpeechRecognition.framework/Versions/A/SpeechRecognition
0x0000000197c6f000 	/System/Library/PrivateFrameworks/PerformanceAnalysis.framework/Versions/A/PerformanceAnalysis
0x00000001a568d000 	/System/Library/Frameworks/Accessibility.framework/Versions/A/Accessibility
0x000000023cecf000 	/System/Library/Frameworks/Symbols.framework/Versions/A/Symbols
0x0000000258797000 	/System/Library/PrivateFrameworks/Gestures.framework/Versions/A/Gestures
0x00000001b7021000 	/usr/lib/swift/libswiftCoreGraphics.dylib
0x00000001a60d3000 	/usr/lib/swift/libswiftFoundation.dylib
0x00000001f03ad000 	/usr/lib/swift/libswiftSwiftOnoneSupport.dylib
0x000000028cd7a000 	/usr/lib/swift/libswiftsys_time.dylib
0x00000001db97a000 	/System/Library/PrivateFrameworks/CoreMaterial.framework/Versions/A/CoreMaterial
0x000000028cac0000 	/usr/lib/swift/libswiftSpatial.dylib
0x000000028b83f000 	/usr/lib/libSpatial.dylib
0x000000028b179000 	/System/Library/SubFrameworks/UIUtilities.framework/Versions/A/UIUtilities
0x000000010c6ec000 	/opt/homebrew/Cellar/openjdk@21/21.0.9/libexec/openjdk.jdk/Contents/Home/lib/server/libjvm.dylib
0x00000001003e8000 	/opt/homebrew/Cellar/openjdk@21/21.0.9/libexec/openjdk.jdk/Contents/Home/lib/libjimage.dylib
0x000000010046c000 	/opt/homebrew/Cellar/openjdk@21/21.0.9/libexec/openjdk.jdk/Contents/Home/lib/libjava.dylib
0x0000000100b00000 	/opt/homebrew/Cellar/openjdk@21/21.0.9/libexec/openjdk.jdk/Contents/Home/lib/libnio.dylib
0x0000000100b20000 	/opt/homebrew/Cellar/openjdk@21/21.0.9/libexec/openjdk.jdk/Contents/Home/lib/libnet.dylib
0x00000001005f0000 	/opt/homebrew/Cellar/openjdk@21/21.0.9/libexec/openjdk.jdk/Contents/Home/lib/libzip.dylib
0x00000001074f4000 	/private/tmp/pbl3-javafx-cache/libprism_es2.dylib
0x00000001b8b46000 	/System/Library/Frameworks/Carbon.framework/Versions/A/Carbon
0x00000001aee7d000 	/System/Library/Frameworks/Carbon.framework/Versions/A/Frameworks/CommonPanels.framework/Versions/A/CommonPanels
0x00000001a98f8000 	/System/Library/Frameworks/Carbon.framework/Versions/A/Frameworks/Help.framework/Versions/A/Help
0x00000001aee81000 	/System/Library/Frameworks/Carbon.framework/Versions/A/Frameworks/ImageCapture.framework/Versions/A/ImageCapture
0x00000001aee5c000 	/System/Library/Frameworks/Carbon.framework/Versions/A/Frameworks/OpenScripting.framework/Versions/A/OpenScripting
0x00000001aee7c000 	/System/Library/Frameworks/Carbon.framework/Versions/A/Frameworks/Ink.framework/Versions/A/Ink
0x00000001aee79000 	/System/Library/Frameworks/Carbon.framework/Versions/A/Frameworks/SecurityHI.framework/Versions/A/SecurityHI
0x000000028b69d000 	/usr/lib/libInterpreterSecurity.dylib
0x00000001cf22c000 	/System/Library/PrivateFrameworks/XprotectFramework.framework/Versions/A/XprotectFramework
0x00000001b23ca000 	/System/Library/PrivateFrameworks/yara.framework/Versions/A/yara
0x000000028b619000 	/usr/lib/libEndpointSecuritySystem.dylib
0x0000000231b2e000 	/System/Library/Frameworks/OpenGL.framework/Versions/A/Resources/GLEngine.bundle/GLEngine
0x00000002319d0000 	/System/Library/Frameworks/OpenGL.framework/Versions/A/Libraries/libGLProgrammability.dylib
0x00000001076fc000 	/System/Library/Extensions/AppleMetalOpenGLRenderer.bundle/Contents/MacOS/AppleMetalOpenGLRenderer
0x0000000231c8f000 	/System/Library/Frameworks/OpenGL.framework/Versions/A/Resources/GLRendererFloat.bundle/GLRendererFloat
0x000000010bc00000 	/System/Library/Extensions/AGXMetal13_3.bundle/Contents/MacOS/AGXMetal13_3
0x00000001b20c8000 	/System/Library/PrivateFrameworks/IOGPU.framework/Versions/A/IOGPU
0x0000000107794000 	/private/tmp/pbl3-javafx-cache/libglass.dylib
0x0000000232178000 	/System/Library/Frameworks/AppIntents.framework/Versions/A/AppIntents
0x000000023b663000 	/System/Library/Frameworks/RelevanceKit.framework/Versions/A/RelevanceKit
0x000000019d03e000 	/System/Library/Frameworks/CoreSpotlight.framework/Versions/A/CoreSpotlight
0x0000000260361000 	/System/Library/PrivateFrameworks/LinkServices.framework/Versions/A/LinkServices
0x000000024db24000 	/System/Library/PrivateFrameworks/DoNotDisturb.framework/Versions/A/DoNotDisturb
0x00000002601bc000 	/System/Library/PrivateFrameworks/LinkMetadata.framework/Versions/A/LinkMetadata
0x00000001ba182000 	/usr/lib/swift/libswiftIntents.dylib
0x00000001bf403000 	/System/Library/PrivateFrameworks/IntentsCore.framework/Versions/A/IntentsCore
0x0000000243c63000 	/System/Library/PrivateFrameworks/AvailabilityKit.framework/Versions/A/AvailabilityKit
0x0000000240fa5000 	/System/Library/PrivateFrameworks/AppIntentSchemas.framework/Versions/A/AppIntentSchemas
0x0000000255473000 	/System/Library/PrivateFrameworks/GRDBInternal.framework/Versions/A/GRDBInternal
0x00000002792e0000 	/System/Library/PrivateFrameworks/StatusKit.framework/Versions/A/StatusKit
0x00000001a6c6c000 	/System/Library/PrivateFrameworks/GenerationalStorage.framework/Versions/A/GenerationalStorage
0x00000001a6a94000 	/System/Library/Frameworks/FileProvider.framework/Versions/A/FileProvider
0x000000019350b000 	/System/Library/PrivateFrameworks/DesktopServicesPriv.framework/Versions/A/DesktopServicesPriv
0x000000019586f000 	/System/Library/Frameworks/Accounts.framework/Versions/A/Accounts
0x00000001b9bee000 	/System/Library/PrivateFrameworks/FTServices.framework/Versions/A/FTServices
0x00000001b2073000 	/System/Library/PrivateFrameworks/CloudServices.framework/Versions/A/CloudServices
0x00000001a912d000 	/System/Library/PrivateFrameworks/CoreWiFi.framework/Versions/A/CoreWiFi
0x000000019983e000 	/System/Library/Frameworks/CoreLocation.framework/Versions/A/CoreLocation
0x00000001a8ac3000 	/System/Library/Frameworks/Intents.framework/Versions/A/Intents
0x000000023de2a000 	/System/Library/Frameworks/_LocationEssentials.framework/Versions/A/_LocationEssentials
0x000000019cfed000 	/System/Library/Frameworks/UserNotifications.framework/Versions/A/UserNotifications
0x000000019cc7d000 	/System/Library/PrivateFrameworks/AuthKit.framework/Versions/A/AuthKit
0x00000001a2d79000 	/System/Library/PrivateFrameworks/Sharing.framework/Versions/A/Sharing
0x00000001a28f8000 	/System/Library/PrivateFrameworks/IDSFoundation.framework/Versions/A/IDSFoundation
0x00000001a912c000 	/System/Library/PrivateFrameworks/Apple80211.framework/Versions/A/Apple80211
0x000000019c1bc000 	/System/Library/Frameworks/CoreWLAN.framework/Versions/A/CoreWLAN
0x00000001c08ed000 	/usr/lib/swift/libswiftCoreLocation.dylib
0x00000001a113a000 	/System/Library/PrivateFrameworks/IMFoundation.framework/Versions/A/IMFoundation
0x00000001b23c9000 	/System/Library/PrivateFrameworks/Marco.framework/Versions/A/Marco
0x00000001958f9000 	/System/Library/PrivateFrameworks/CommonUtilities.framework/Versions/A/CommonUtilities
0x00000001aee44000 	/System/Library/PrivateFrameworks/Engram.framework/Versions/A/Engram
0x000000028ca1f000 	/usr/lib/swift/libswiftRegexBuilder.dylib
0x00000001aede2000 	/usr/lib/libtidy.A.dylib
0x000000019f1f6000 	/System/Library/PrivateFrameworks/Bom.framework/Versions/A/Bom
0x00000001a156a000 	/usr/lib/libParallelCompression.dylib
0x00000001e7913000 	/System/Library/PrivateFrameworks/WiFiPeerToPeer.framework/Versions/A/WiFiPeerToPeer
0x0000000245d55000 	/System/Library/PrivateFrameworks/Centauri.framework/Versions/A/Centauri
0x000000028c1af000 	/usr/lib/libmrc.dylib
0x000000025b5e8000 	/System/Library/PrivateFrameworks/IPConfiguration.framework/Versions/A/IPConfiguration
0x00000001db93c000 	/System/Library/PrivateFrameworks/Netrb.framework/Versions/A/Netrb
0x00000001a155c000 	/System/Library/PrivateFrameworks/MultiverseSupport.framework/Versions/A/MultiverseSupport
0x00000001a696f000 	/System/Library/PrivateFrameworks/DiskManagement.framework/Versions/A/DiskManagement
0x00000001a687b000 	/System/Library/PrivateFrameworks/AppleIDAuthSupport.framework/Versions/A/AppleIDAuthSupport
0x000000023e70a000 	/System/Library/PrivateFrameworks/AAAFoundation.framework/Versions/A/AAAFoundation
0x00000001a1a6e000 	/System/Library/PrivateFrameworks/KeychainCircle.framework/Versions/A/KeychainCircle
0x00000001b2f77000 	/System/Library/PrivateFrameworks/URLFormatting.framework/Versions/A/URLFormatting
0x00000001a9901000 	/usr/lib/libcsfde.dylib
0x000000019eb97000 	/usr/lib/libCoreStorage.dylib
0x00000001a3245000 	/System/Library/PrivateFrameworks/ProtectedCloudStorage.framework/Versions/A/ProtectedCloudStorage
0x00000001a98fc000 	/System/Library/PrivateFrameworks/EFILogin.framework/Versions/A/EFILogin
0x00000001a6c93000 	/System/Library/PrivateFrameworks/OctagonTrust.framework/Versions/A/OctagonTrust
0x00000001a3512000 	/System/Library/PrivateFrameworks/GeoServices.framework/Versions/A/GeoServices
0x00000001a11b3000 	/System/Library/PrivateFrameworks/LocationSupport.framework/Versions/A/LocationSupport
0x00000002585f1000 	/System/Library/PrivateFrameworks/GeoServicesCore.framework/Versions/A/GeoServicesCore
0x00000001b2f75000 	/System/Library/PrivateFrameworks/PhoneNumbers.framework/Versions/A/PhoneNumbers
0x000000026073f000 	/System/Library/PrivateFrameworks/LocationLogEncryption.framework/Versions/A/LocationLogEncryption
0x00000001a2717000 	/System/Library/PrivateFrameworks/IDS.framework/Versions/A/IDS
0x00000001e25ce000 	/System/Library/Frameworks/CryptoKit.framework/Versions/A/CryptoKit
0x00000001aa25f000 	/System/Library/PrivateFrameworks/CryptoKitCBridging.framework/Versions/A/CryptoKitCBridging
0x00000001a787d000 	/System/Library/Frameworks/CryptoTokenKit.framework/Versions/A/CryptoTokenKit
0x00000001c8816000 	/System/Library/PrivateFrameworks/FTAWD.framework/Versions/A/FTAWD
0x0000000191bb0000 	/usr/lib/libsandbox.1.dylib
0x000000019eb8f000 	/usr/lib/libMatch.1.dylib
0x00000001aa322000 	/System/Library/PrivateFrameworks/IntentsFoundation.framework/Versions/A/IntentsFoundation
0x0000000197b36000 	/System/Library/PrivateFrameworks/ViewBridge.framework/Versions/A/ViewBridge
0x00000001c08d2000 	/System/Library/Frameworks/Accelerate.framework/Versions/A/Frameworks/vImage.framework/Versions/A/Libraries/libCGInterfaces.dylib
0x00000001076e8000 	/usr/lib/libobjc-trampolines.dylib
0x000000028b25f000 	/usr/lib/libAccessibilityBaseImplementations.dylib
0x000000023dd34000 	/System/Library/Frameworks/_AppIntents_AppKit.framework/Versions/A/_AppIntents_AppKit
0x000000028562b000 	/System/Library/PrivateFrameworks/WritingToolsUI.framework/Versions/A/WritingToolsUI
0x0000000257fd3000 	/System/Library/PrivateFrameworks/GenerativeAssistantSettings.framework/Versions/A/GenerativeAssistantSettings
0x000000027b086000 	/System/Library/PrivateFrameworks/TextComposer.framework/Versions/A/TextComposer
0x0000000257fa9000 	/System/Library/PrivateFrameworks/GenerativeAssistantCommon.framework/Versions/A/GenerativeAssistantCommon
0x00000001c1988000 	/System/Library/Frameworks/SwiftUI.framework/Versions/A/SwiftUI
0x000000023dd73000 	/System/Library/Frameworks/_AuthenticationServices_SwiftUI.framework/Versions/A/_AuthenticationServices_SwiftUI
0x0000000240cda000 	/System/Library/PrivateFrameworks/Anvil.framework/Versions/A/Anvil
0x00000001c0f35000 	/System/Library/PrivateFrameworks/AppStoreDaemon.framework/Versions/A/AppStoreDaemon
0x00000001ac8d5000 	/System/Library/PrivateFrameworks/AppleMediaServices.framework/Versions/A/AppleMediaServices
0x000000025847c000 	/System/Library/PrivateFrameworks/GenerativePartnerServiceUI.framework/Versions/A/GenerativePartnerServiceUI
0x00000001ef917000 	/System/Library/PrivateFrameworks/JetEngine.framework/Versions/A/JetEngine
0x0000000258459000 	/System/Library/PrivateFrameworks/GenerativePartnerService.framework/Versions/A/GenerativePartnerService
0x00000001b9d84000 	/System/Library/Frameworks/SafariServices.framework/Versions/A/SafariServices
0x00000001b7101000 	/System/Library/Frameworks/WebKit.framework/Versions/A/WebKit
0x00000001bd2cd000 	/System/Library/PrivateFrameworks/AppleMediaServicesUI.framework/Versions/A/AppleMediaServicesUI
0x00000001baa65000 	/System/Library/PrivateFrameworks/OnBoardingKit.framework/Versions/A/OnBoardingKit
0x0000000270c80000 	/System/Library/PrivateFrameworks/Settings.framework/Versions/A/Settings
0x0000000233a1a000 	/System/Library/Frameworks/ExtensionKit.framework/Versions/A/ExtensionKit
0x0000000233a5e000 	/System/Library/Frameworks/FSKit.framework/Versions/A/FSKit
0x00000002604f0000 	/System/Library/PrivateFrameworks/LiveFS.framework/Versions/A/LiveFS
0x000000027af63000 	/System/Library/PrivateFrameworks/TextAnimationSupport.framework/Versions/A/TextAnimationSupport
0x000000026e168000 	/System/Library/PrivateFrameworks/RecapPerformanceTesting.framework/Versions/A/RecapPerformanceTesting
0x00000001baa55000 	/System/Library/PrivateFrameworks/SignpostCollection.framework/Versions/A/SignpostCollection
0x00000001ac266000 	/System/Library/Frameworks/WebKit.framework/Versions/A/Frameworks/WebKitLegacy.framework/Versions/A/WebKitLegacy
0x00000001aa042000 	/System/Library/PrivateFrameworks/CorePrediction.framework/Versions/A/CorePrediction
0x0000000198c27000 	/System/Library/Frameworks/WebKit.framework/Versions/A/Frameworks/WebCore.framework/Versions/A/Frameworks/libwebrtc.dylib
0x00000001b708b000 	/System/Library/PrivateFrameworks/SafariSafeBrowsing.framework/Versions/A/SafariSafeBrowsing
0x00000001a15d2000 	/System/Library/Frameworks/SecurityInterface.framework/Versions/A/SecurityInterface
0x00000001baa64000 	/System/Library/PrivateFrameworks/WebInspectorUI.framework/Versions/A/WebInspectorUI
0x00000001aee84000 	/System/Library/Frameworks/JavaScriptCore.framework/Versions/A/JavaScriptCore
0x00000001b30bc000 	/System/Library/Frameworks/WebKit.framework/Versions/A/Frameworks/WebCore.framework/Versions/A/WebCore
0x0000000232bec000 	/System/Library/Frameworks/BrowserEngineCore.framework/Versions/A/BrowserEngineCore
0x000000023d8f1000 	/System/Library/Frameworks/WebKit.framework/Versions/A/Frameworks/WebCore.framework/Versions/A/Frameworks/libANGLE-shared.dylib
0x0000000283ecd000 	/System/Library/PrivateFrameworks/WebGPU.framework/Versions/A/WebGPU
0x00000001bc940000 	/System/Library/Frameworks/SceneKit.framework/Versions/A/SceneKit
0x00000001cde4c000 	/System/Library/Frameworks/ModelIO.framework/Versions/A/ModelIO
0x00000001a333c000 	/System/Library/Frameworks/MetalKit.framework/Versions/A/MetalKit
0x00000001a5610000 	/System/Library/Frameworks/GLKit.framework/Versions/A/GLKit
0x000000028d0ba000 	/usr/lib/usd/libusd_ms.dylib
0x000000027f333000 	/System/Library/PrivateFrameworks/USDLib_FormatLoaderProxy.framework/Versions/A/USDLib_FormatLoaderProxy
0x000000028cd75000 	/usr/lib/swift/libswift_errno.dylib
0x00000001b9bcf000 	/System/Library/PrivateFrameworks/CoreOptimization.framework/Versions/A/CoreOptimization
0x0000000243b1b000 	/System/Library/PrivateFrameworks/AuthenticationServicesCore.framework/Versions/A/AuthenticationServicesCore
0x00000001c432c000 	/System/Library/Frameworks/AuthenticationServices.framework/Versions/A/AuthenticationServices
0x000000019eb29000 	/System/Library/PrivateFrameworks/SharedWebCredentials.framework/Versions/A/SharedWebCredentials
0x00000001bb8f3000 	/System/Library/PrivateFrameworks/SafariCore.framework/Versions/A/SafariCore
0x00000001c3e50000 	/System/Library/PrivateFrameworks/SafariFoundation.framework/Versions/A/SafariFoundation
0x00000001a6393000 	/System/Library/Frameworks/Contacts.framework/Versions/A/Contacts
0x0000000244d6c000 	/System/Library/PrivateFrameworks/CBORLibrary.framework/Versions/A/CBORLibrary
0x0000000245d94000 	/System/Library/PrivateFrameworks/Chirp.framework/Versions/A/Chirp
0x0000000246991000 	/System/Library/PrivateFrameworks/CloudSubscriptionFeatures.framework/Versions/A/CloudSubscriptionFeatures
0x00000001a60d4000 	/System/Library/PrivateFrameworks/ContactsFoundation.framework/Versions/A/ContactsFoundation
0x00000001f0d21000 	/System/Library/PrivateFrameworks/RemoteManagement.framework/Versions/A/RemoteManagement
0x000000026e4f6000 	/System/Library/PrivateFrameworks/RemoteManagementModel.framework/Versions/A/RemoteManagementModel
0x000000026e587000 	/System/Library/PrivateFrameworks/RemoteManagementStore.framework/Versions/A/RemoteManagementStore
0x00000001a335a000 	/usr/lib/libxcselect.dylib
0x00000001c3dbe000 	/System/Library/PrivateFrameworks/DifferentialPrivacy.framework/Versions/A/DifferentialPrivacy
0x0000000262fcb000 	/System/Library/PrivateFrameworks/ManagedSettingsObjC.framework/Versions/A/ManagedSettingsObjC
0x0000000260744000 	/System/Library/PrivateFrameworks/LockdownMode.framework/Versions/A/LockdownMode
0x000000027ff7b000 	/System/Library/PrivateFrameworks/VDAF.framework/Versions/A/VDAF
0x00000001a61ac000 	/System/Library/PrivateFrameworks/ContactsPersistence.framework/Versions/A/ContactsPersistence
0x00000001a530a000 	/System/Library/PrivateFrameworks/AppleLDAP.framework/Versions/A/AppleLDAP
0x00000001a9cb3000 	/System/Library/Frameworks/ClassKit.framework/Versions/A/ClassKit
0x00000001abf64000 	/System/Library/PrivateFrameworks/CoreSuggestions.framework/Versions/A/CoreSuggestions
0x00000001a782b000 	/System/Library/PrivateFrameworks/vCard.framework/Versions/A/vCard
0x000000024761b000 	/System/Library/PrivateFrameworks/ContactsMetrics.framework/Versions/A/ContactsMetrics
0x000000019efa6000 	/System/Library/PrivateFrameworks/login.framework/Versions/A/login
0x0000000262fc5000 	/System/Library/PrivateFrameworks/ManagedOrganizationContacts.framework/Versions/A/ManagedOrganizationContacts
0x000000019831c000 	/System/Library/PrivateFrameworks/CloudDocs.framework/Versions/A/CloudDocs
0x00000001b2937000 	/System/Library/PrivateFrameworks/ProactiveEventTracker.framework/Versions/A/ProactiveEventTracker
0x00000001a160c000 	/System/Library/PrivateFrameworks/CoreFollowUp.framework/Versions/A/CoreFollowUp
0x00000001ab482000 	/System/Library/PrivateFrameworks/ConfigurationProfiles.framework/Versions/A/ConfigurationProfiles
0x000000024cc8a000 	/System/Library/PrivateFrameworks/DMCUtilities.framework/Versions/A/DMCUtilities
0x00000002607c5000 	/System/Library/PrivateFrameworks/MDMClientLibrary.framework/Versions/A/MDMClientLibrary
0x000000026e57b000 	/System/Library/PrivateFrameworks/RemoteManagementProtocol.framework/Versions/A/RemoteManagementProtocol
0x00000001a59ef000 	/System/Library/PrivateFrameworks/SystemAdministration.framework/Versions/A/SystemAdministration
0x00000001b08b7000 	/System/Library/PrivateFrameworks/PowerlogControl.framework/Versions/A/PowerlogControl
0x00000001b08b9000 	/usr/lib/libUniversalAccess.dylib
0x00000001ad35c000 	/System/Library/PrivateFrameworks/FamilyControls.framework/Versions/A/FamilyControls
0x00000001a52df000 	/System/Library/Frameworks/DirectoryService.framework/Versions/A/DirectoryService
0x00000001a998f000 	/System/Library/PrivateFrameworks/LoginUIKit.framework/Versions/A/Frameworks/LoginUICore.framework/Versions/A/LoginUICore
0x000000019f1f4000 	/usr/lib/libodfde.dylib
0x00000001ad356000 	/System/Library/PrivateFrameworks/UniversalAccess.framework/Versions/A/Libraries/libUAPreferences.dylib
0x00000001ad380000 	/System/Library/PrivateFrameworks/CommerceKit.framework/Versions/A/Frameworks/CommerceCore.framework/Versions/A/CommerceCore
0x000000024cbf6000 	/System/Library/PrivateFrameworks/DEPClientLibrary.framework/Versions/A/DEPClientLibrary
0x000000024cc1f000 	/System/Library/PrivateFrameworks/DMCEnrollmentLibrary.framework/Versions/A/DMCEnrollmentLibrary
0x00000001b09a0000 	/System/Library/PrivateFrameworks/SetupAssistantFramework.framework/Versions/A/SetupAssistantFramework
0x00000001aa09a000 	/System/Library/PrivateFrameworks/AuthKitUI.framework/Versions/A/AuthKitUI
0x00000001a99d9000 	/System/Library/PrivateFrameworks/AppSSO.framework/Versions/A/AppSSO
0x00000001c0c91000 	/System/Library/PrivateFrameworks/LocalAuthenticationUI.framework/Versions/A/LocalAuthenticationUI
0x000000026c1a8000 	/System/Library/PrivateFrameworks/PlatformSSO.framework/Versions/A/PlatformSSO
0x000000026c296000 	/System/Library/PrivateFrameworks/PlatformSSOCore.framework/Versions/A/PlatformSSOCore
0x0000000234cd2000 	/System/Library/Frameworks/LocalAuthenticationEmbeddedUI.framework/Versions/A/LocalAuthenticationEmbeddedUI
0x00000001c174d000 	/System/Library/PrivateFrameworks/AOSUI.framework/Versions/A/AOSUI
0x00000001b26ff000 	/System/Library/Frameworks/ContactsUI.framework/Versions/A/ContactsUI
0x00000001a6624000 	/System/Library/PrivateFrameworks/FamilyCircle.framework/Versions/A/FamilyCircle
0x00000001cf616000 	/System/Library/Frameworks/LinkPresentation.framework/Versions/A/LinkPresentation
0x00000001b22b0000 	/System/Library/PrivateFrameworks/IASUtilities.framework/Versions/A/IASUtilities
0x000000025b4b1000 	/System/Library/PrivateFrameworks/IASUtilitiesCore.framework/Versions/A/IASUtilitiesCore
0x000000026e5f1000 	/System/Library/PrivateFrameworks/RemoteUI.framework/Versions/A/RemoteUI
0x000000025fb53000 	/System/Library/PrivateFrameworks/LiftUI.framework/Versions/A/LiftUI
0x0000000285c39000 	/System/Library/PrivateFrameworks/_IconServices_SwiftUI.framework/Versions/A/_IconServices_SwiftUI
0x00000002468d0000 	/System/Library/PrivateFrameworks/CloudSettings.framework/Versions/A/CloudSettings
0x00000001ac035000 	/System/Library/Frameworks/EventKit.framework/Versions/A/EventKit
0x00000001bac79000 	/System/Library/PrivateFrameworks/SearchFoundation.framework/Versions/A/SearchFoundation
0x00000001d16e1000 	/System/Library/PrivateFrameworks/Email.framework/Versions/A/Email
0x00000001b97d1000 	/System/Library/PrivateFrameworks/CoreRoutine.framework/Versions/A/CoreRoutine
0x00000001f068e000 	/System/Library/PrivateFrameworks/VoiceShortcutClient.framework/Versions/A/VoiceShortcutClient
0x00000001c93b1000 	/System/Library/PrivateFrameworks/Categories.framework/Versions/A/Categories
0x00000001c15fc000 	/System/Library/PrivateFrameworks/ChronoServices.framework/Versions/A/ChronoServices
0x0000000245815000 	/System/Library/PrivateFrameworks/CalendarDatabase.framework/Versions/A/CalendarDatabase
0x000000024575e000 	/System/Library/PrivateFrameworks/CalendarDaemon.framework/Versions/A/CalendarDaemon
0x00000001ab3a5000 	/System/Library/PrivateFrameworks/CalendarFoundation.framework/Versions/A/CalendarFoundation
0x00000001ab361000 	/System/Library/PrivateFrameworks/iCalendar.framework/Versions/A/iCalendar
0x000000024ce89000 	/System/Library/PrivateFrameworks/DataAccessExpress.framework/Versions/A/DataAccessExpress
0x00000001b2861000 	/System/Library/PrivateFrameworks/ContactsAutocomplete.framework/Versions/A/ContactsAutocomplete
0x00000001c1549000 	/System/Library/PrivateFrameworks/FTClientServices.framework/Versions/A/FTClientServices
0x00000002685ef000 	/System/Library/PrivateFrameworks/OSEligibility.framework/Versions/A/OSEligibility
0x00000002798bb000 	/System/Library/PrivateFrameworks/StorageContainersPrivate.framework/Versions/A/StorageContainersPrivate
0x000000028c9d0000 	/usr/lib/swift/libswiftCoreMediaIO.dylib
0x00000001b213a000 	/System/Library/PrivateFrameworks/CoreDAV.framework/Versions/A/CoreDAV
0x00000001abf05000 	/System/Library/PrivateFrameworks/CalDAV.framework/Versions/A/CalDAV
0x00000001b6d87000 	/System/Library/PrivateFrameworks/TelephonyUtilities.framework/Versions/A/TelephonyUtilities
0x0000000234c8f000 	/System/Library/Frameworks/LiveCommunicationKit.framework/Versions/A/LiveCommunicationKit
0x00000002471cd000 	/System/Library/PrivateFrameworks/CommunicationTrust.framework/Versions/A/CommunicationTrust
0x00000001bb705000 	/System/Library/Frameworks/CallKit.framework/Versions/A/CallKit
0x00000001a661c000 	/System/Library/PrivateFrameworks/CommunicationsFilter.framework/Versions/A/CommunicationsFilter
0x00000001e5939000 	/System/Library/PrivateFrameworks/IMTransferServices.framework/Versions/A/IMTransferServices
0x00000001b9be8000 	/System/Library/PrivateFrameworks/IncomingCallFilter.framework/Versions/A/IncomingCallFilter
0x0000000266d3e000 	/System/Library/PrivateFrameworks/NeighborhoodActivityConduit.framework/Versions/A/NeighborhoodActivityConduit
0x00000001bdc52000 	/System/Library/PrivateFrameworks/CallHistory.framework/Versions/A/CallHistory
0x000000028b48c000 	/usr/lib/libBASupport.dylib
0x0000000245c2e000 	/System/Library/PrivateFrameworks/CallsUtilities.framework/Versions/A/CallsUtilities
0x0000000245c39000 	/System/Library/PrivateFrameworks/CallsXPC.framework/Versions/A/CallsXPC
0x00000001f0e82000 	/usr/lib/swift/libswiftCallKit.dylib
0x0000000245c21000 	/System/Library/PrivateFrameworks/CallsPersistence.framework/Versions/A/CallsPersistence
0x000000023b93a000 	/System/Library/Frameworks/SensitiveContentAnalysis.framework/Versions/A/SensitiveContentAnalysis
0x00000001bec8f000 	/System/Library/PrivateFrameworks/PeopleSuggester.framework/Versions/A/PeopleSuggester
0x00000001c816e000 	/System/Library/PrivateFrameworks/SpotlightReceiver.framework/Versions/A/SpotlightReceiver
0x0000000285bff000 	/System/Library/PrivateFrameworks/_AppIntentsServices_AppIntents.framework/Versions/A/_AppIntentsServices_AppIntents
0x000000024100e000 	/System/Library/PrivateFrameworks/AppIntentsServices.framework/Versions/A/AppIntentsServices
0x00000001ab349000 	/System/Library/PrivateFrameworks/CoreRecents.framework/Versions/A/CoreRecents
0x0000000234164000 	/System/Library/Frameworks/GeoToolbox.framework/Versions/A/GeoToolbox
0x000000023ddf6000 	/System/Library/Frameworks/_GeoToolbox_AppIntents.framework/Versions/A/_GeoToolbox_AppIntents
0x00000001db36f000 	/System/Library/PrivateFrameworks/DiagnosticRequest.framework/Versions/A/DiagnosticRequest
0x0000000285b43000 	/System/Library/PrivateFrameworks/XPCDistributed.framework/Versions/A/XPCDistributed
0x000000026e1fe000 	/System/Library/PrivateFrameworks/RegulatoryDomain.framework/Versions/A/RegulatoryDomain
0x00000001a56e8000 	/usr/lib/libCTGreenTeaLogger.dylib
0x0000000260716000 	/System/Library/PrivateFrameworks/LocalStatusKit.framework/Versions/A/LocalStatusKit
0x00000001b6c73000 	/System/Library/PrivateFrameworks/CoreParsec.framework/Versions/A/CoreParsec
0x00000001d16d5000 	/System/Library/PrivateFrameworks/EmailAddressing.framework/Versions/A/EmailAddressing
0x00000001cd6bb000 	/System/Library/PrivateFrameworks/EmailCore.framework/Versions/A/EmailCore
0x00000001ce6e9000 	/System/Library/PrivateFrameworks/EmailFoundation.framework/Versions/A/EmailFoundation
0x0000000269d30000 	/System/Library/PrivateFrameworks/PegasusAPI.framework/Versions/A/PegasusAPI
0x000000026a881000 	/System/Library/PrivateFrameworks/PegasusConfiguration.framework/Versions/A/PegasusConfiguration
0x000000027db9c000 	/System/Library/PrivateFrameworks/ToolKit.framework/Versions/A/ToolKit
0x000000026e986000 	/System/Library/PrivateFrameworks/ReplicatorEngine.framework/Versions/A/ReplicatorEngine
0x000000026eb28000 	/System/Library/PrivateFrameworks/ReplicatorServices.framework/Versions/A/ReplicatorServices
0x000000027a857000 	/System/Library/PrivateFrameworks/SystemWake.framework/Versions/A/SystemWake
0x00000001bb8d9000 	/System/Library/PrivateFrameworks/ContextKit.framework/Versions/A/ContextKit
0x0000000247768000 	/System/Library/PrivateFrameworks/ContextKitCore.framework/Versions/A/ContextKitCore
0x00000001b9e6e000 	/System/Library/Frameworks/LocalAuthentication.framework/Support/DaemonUtils.framework/Versions/A/DaemonUtils
0x00000002606ab000 	/System/Library/PrivateFrameworks/LocalAuthenticationCoreUI.framework/Versions/A/LocalAuthenticationCoreUI
0x00000001bd294000 	/System/Library/PrivateFrameworks/BridgeXPC.framework/Versions/A/BridgeXPC
0x00000001bab41000 	/System/Library/PrivateFrameworks/CoreKDL.framework/Versions/A/CoreKDL
0x00000001b916e000 	/System/Library/PrivateFrameworks/EmbeddedOSSupportHost.framework/Versions/A/EmbeddedOSSupportHost
0x00000001ade5b000 	/System/Library/PrivateFrameworks/LoginUIKit.framework/Versions/A/LoginUIKit
0x00000001c98ae000 	/System/Library/PrivateFrameworks/StorageKit.framework/Versions/A/StorageKit
0x00000001f2697000 	/System/Library/Frameworks/DeviceCheck.framework/Versions/A/DeviceCheck
0x00000001c9928000 	/System/Library/PrivateFrameworks/CoreWLANKit.framework/Versions/A/CoreWLANKit
0x0000000283255000 	/System/Library/PrivateFrameworks/Wallpaper.framework/Versions/A/Wallpaper
0x000000028c9eb000 	/usr/lib/swift/libswiftGLKit.dylib
0x000000028c9f6000 	/usr/lib/swift/libswiftMetalKit.dylib
0x000000028c9fa000 	/usr/lib/swift/libswiftModelIO.dylib
0x000000028cabd000 	/usr/lib/swift/libswiftSceneKit.dylib
0x000000024d7f4000 	/System/Library/PrivateFrameworks/DiskImages2.framework/Versions/A/DiskImages2
0x00000001d2617000 	/System/Library/PrivateFrameworks/DynamicDesktop.framework/Versions/A/DynamicDesktop
0x00000002833e4000 	/System/Library/PrivateFrameworks/WallpaperFoundation.framework/Versions/A/WallpaperFoundation
0x0000000283442000 	/System/Library/PrivateFrameworks/WallpaperTypes.framework/Versions/A/WallpaperTypes
0x00000001e7696000 	/System/Library/PrivateFrameworks/SystemDesktopAppearance.framework/Versions/A/SystemDesktopAppearance
0x0000000288cf3000 	/System/Library/PrivateFrameworks/icloudMCCKit.framework/Versions/A/icloudMCCKit
0x0000000241f68000 	/System/Library/PrivateFrameworks/AppleAccountUI.framework/Versions/A/AppleAccountUI
0x00000001db946000 	/System/Library/PrivateFrameworks/PreferencePanesSupport.framework/Versions/A/PreferencePanesSupport
0x00000001c18ff000 	/System/Library/PrivateFrameworks/FindMyDeviceUI.framework/Versions/A/FindMyDeviceUI
0x0000000286939000 	/System/Library/PrivateFrameworks/iCloudQuotaUI.framework/Versions/A/iCloudQuotaUI
0x00000001dbafa000 	/System/Library/PrivateFrameworks/CoreCDPUI.framework/Versions/A/CoreCDPUI
0x00000001bb634000 	/System/Library/PrivateFrameworks/CoreFollowUpUI.framework/Versions/A/CoreFollowUpUI
0x00000001c83ec000 	/System/Library/PrivateFrameworks/IMCore.framework/Versions/A/IMCore
0x00000001b0920000 	/System/Library/PrivateFrameworks/CoreCDP.framework/Versions/A/CoreCDP
0x00000001ac8c0000 	/System/Library/PrivateFrameworks/AskPermission.framework/Versions/A/AskPermission
0x00000001bf374000 	/System/Library/Frameworks/Quartz.framework/Versions/A/Quartz
0x00000001cbe8d000 	/System/Library/PrivateFrameworks/CloudPhotoServicesConfiguration.framework/Versions/A/CloudPhotoServicesConfiguration
0x00000001bda77000 	/System/Library/PrivateFrameworks/CommerceKit.framework/Versions/A/CommerceKit
0x00000001cd78b000 	/System/Library/PrivateFrameworks/FindMyMac.framework/Versions/A/FindMyMac
0x00000001cd65e000 	/System/Library/Frameworks/PreferencePanes.framework/Versions/A/PreferencePanes
0x00000001c0d7c000 	/System/Library/Frameworks/AddressBook.framework/Versions/A/AddressBook
0x00000001ab7a3000 	/System/Library/PrivateFrameworks/AOSAccounts.framework/Versions/A/AOSAccounts
0x00000001a59e9000 	/System/Library/PrivateFrameworks/AppleSRP.framework/Versions/A/AppleSRP
0x00000001aa273000 	/System/Library/PrivateFrameworks/NetFSServer.framework/Versions/A/NetFSServer
0x00000001bc81a000 	/System/Library/Frameworks/PDFKit.framework/Versions/A/PDFKit
0x000000023cee9000 	/System/Library/Frameworks/TabularData.framework/Versions/A/TabularData
0x000000028ca11000 	/usr/lib/swift/libswiftPassKit.dylib
0x00000001dfaf2000 	/System/Library/Frameworks/PassKit.framework/Versions/A/PassKit
0x00000001adf66000 	/System/Library/PrivateFrameworks/PassKitCore.framework/Versions/A/PassKitCore
0x0000000269652000 	/System/Library/PrivateFrameworks/PassKitMacHelperTemp.framework/Versions/A/PassKitMacHelperTemp
0x000000028b3dc000 	/usr/lib/libAppleSSE.dylib
0x00000001b9eba000 	/System/Library/PrivateFrameworks/BiometricKit.framework/Versions/A/BiometricKit
0x000000026f12c000 	/System/Library/PrivateFrameworks/SEService.framework/Versions/A/SEService
0x0000000233b23000 	/System/Library/Frameworks/FinanceKit.framework/Versions/A/FinanceKit
0x00000001bf423000 	/System/Library/PrivateFrameworks/NearField.framework/Versions/A/NearField
0x000000028b7dc000 	/usr/lib/libSESShared.dylib
0x000000026f394000 	/System/Library/PrivateFrameworks/STSXPCHelperClient.framework/Versions/A/STSXPCHelperClient
0x00000001c1188000 	/usr/lib/libnfshared.dylib
0x000000027a5df000 	/System/Library/PrivateFrameworks/Symptoms.framework/Versions/A/Frameworks/SymptomPresentationFeed.framework/Versions/A/SymptomPresentationFeed
0x000000024297e000 	/System/Library/PrivateFrameworks/AppleMediaServicesKitInternal.framework/Versions/A/AppleMediaServicesKitInternal
0x0000000243621000 	/System/Library/PrivateFrameworks/AsyncAlgorithmsInternal.framework/Versions/A/AsyncAlgorithmsInternal
0x000000027a321000 	/System/Library/PrivateFrameworks/SymptomShared.framework/Versions/A/SymptomShared
0x00000001e283b000 	/System/Library/PrivateFrameworks/PassKitUIFoundation.framework/Versions/A/PassKitUIFoundation
0x00000001a531c000 	/System/Library/Frameworks/MapKit.framework/Versions/A/MapKit
0x0000000258527000 	/System/Library/PrivateFrameworks/GeoAnalytics.framework/Versions/A/GeoAnalytics
0x00000001c11b6000 	/System/Library/PrivateFrameworks/Navigation.framework/Versions/A/Navigation
0x00000001caed5000 	/System/Library/PrivateFrameworks/VectorKit.framework/Versions/A/VectorKit
0x00000001b237b000 	/System/Library/PrivateFrameworks/VirtualGarage.framework/Versions/A/VirtualGarage
0x00000001c1395000 	/System/Library/Frameworks/ExternalAccessory.framework/ExternalAccessory
0x00000001c13b0000 	/System/Library/PrivateFrameworks/IAP.framework/Versions/A/IAP
0x00000001a55d8000 	/System/Library/PrivateFrameworks/IOPlatformPluginFamily.framework/Versions/A/IOPlatformPluginFamily
0x0000000243c66000 	/System/Library/PrivateFrameworks/AvatarKit.framework/Versions/A/AvatarKit
0x0000000243d25000 	/System/Library/PrivateFrameworks/AvatarPersistence.framework/Versions/A/AvatarPersistence
0x000000023d270000 	/System/Library/Frameworks/TipKit.framework/Versions/A/TipKit
0x00000001ada4d000 	/System/Library/PrivateFrameworks/IMSharedUtilities.framework/Versions/A/IMSharedUtilities
0x000000028c9b0000 	/usr/lib/swift/libswiftAppleArchive.dylib
0x000000028007b000 	/System/Library/PrivateFrameworks/VFX.framework/Versions/A/VFX
0x00000001dd6a8000 	/System/Library/PrivateFrameworks/AppleCVA.framework/Versions/A/AppleCVA
0x0000000243d24000 	/System/Library/PrivateFrameworks/AvatarKitContent.framework/Versions/A/AvatarKitContent
0x0000000235a3b000 	/System/Library/Frameworks/MetalFX.framework/Versions/A/MetalFX
0x00000002472e3000 	/System/Library/PrivateFrameworks/CompositorNonUI.framework/Versions/A/CompositorNonUI
0x0000000231ea7000 	/System/Library/Frameworks/ARKit.framework/Versions/A/ARKit
0x000000023f962000 	/System/Library/PrivateFrameworks/ARKitCore.framework/Versions/A/ARKitCore
0x000000028b4d6000 	/usr/lib/libDisplayWarpSupport.dylib
0x0000000248a3e000 	/System/Library/PrivateFrameworks/CoreComposite.framework/Versions/A/CoreComposite
0x000000028b910000 	/usr/lib/libchannel.dylib
0x000000028c60d000 	/usr/lib/librealtime_safety.dylib
0x000000023f9ef000 	/System/Library/PrivateFrameworks/ARKitFoundation.framework/Versions/A/ARKitFoundation
0x0000000242006000 	/System/Library/PrivateFrameworks/AppleDepth.framework/Versions/A/AppleDepth
0x000000024217c000 	/System/Library/PrivateFrameworks/AppleDepthCore.framework/Versions/A/AppleDepthCore
0x00000001a5711000 	/System/Library/PrivateFrameworks/CoreAppleCVA.framework/Versions/A/CoreAppleCVA
0x00000001b24a9000 	/System/Library/PrivateFrameworks/ContactsUICore.framework/Versions/A/ContactsUICore
0x00000001b9cf0000 	/System/Library/PrivateFrameworks/ContactsDonation.framework/Versions/A/ContactsDonation
0x00000001b95a7000 	/System/Library/PrivateFrameworks/DataDetectors.framework/Versions/A/DataDetectors
0x00000001abef1000 	/System/Library/Frameworks/MediaLibrary.framework/Versions/A/MediaLibrary
0x00000001a660b000 	/System/Library/PrivateFrameworks/PersonaKit.framework/Versions/A/PersonaKit
0x00000001b2497000 	/System/Library/PrivateFrameworks/PersonaUI.framework/Versions/A/PersonaUI
0x00000001cd080000 	/System/Library/PrivateFrameworks/Transparency.framework/Versions/A/Transparency
0x000000024f257000 	/System/Library/PrivateFrameworks/FindMyLocate.framework/Versions/A/FindMyLocate
0x00000001bb5b3000 	/System/Library/PrivateFrameworks/IntlPreferences.framework/Versions/A/IntlPreferences
0x000000024f130000 	/System/Library/PrivateFrameworks/FindMyCommon.framework/Versions/A/FindMyCommon
0x000000024ef1f000 	/System/Library/PrivateFrameworks/FindMyBase.framework/Versions/A/FindMyBase
0x000000023a5ba000 	/System/Library/Frameworks/NearbyInteraction.framework/Versions/A/NearbyInteraction
0x00000001a622a000 	/System/Library/PrivateFrameworks/AddressBookCore.framework/Versions/A/AddressBookCore
0x00000001c0f13000 	/System/Library/PrivateFrameworks/ToneKit.framework/Versions/A/ToneKit
0x00000001bb5fa000 	/System/Library/PrivateFrameworks/ToneLibrary.framework/Versions/A/ToneLibrary
0x00000002475e8000 	/System/Library/PrivateFrameworks/ContactsAccounts.framework/Versions/A/ContactsAccounts
0x00000001bf28f000 	/System/Library/PrivateFrameworks/Lookup.framework/Versions/A/Lookup
0x000000023ae9f000 	/System/Library/Frameworks/QuickLookUI.framework/Versions/A/QuickLookUI
0x000000023b8b4000 	/System/Library/Frameworks/ScreenCaptureKit.framework/Versions/A/ScreenCaptureKit
0x00000001bc32e000 	/System/Library/Frameworks/Quartz.framework/Versions/A/Frameworks/QuartzComposer.framework/Versions/A/QuartzComposer
0x00000001bb58a000 	/System/Library/Frameworks/Quartz.framework/Versions/A/Frameworks/QuartzFilters.framework/Versions/A/QuartzFilters
0x00000001ba636000 	/System/Library/Frameworks/Quartz.framework/Versions/A/Frameworks/ImageKit.framework/Versions/A/ImageKit
0x0000000231cb4000 	/System/Library/Frameworks/OpenCL.framework/Versions/A/OpenCL
0x00000001b8b45000 	/System/Library/PrivateFrameworks/CorePDF.framework/Versions/A/CorePDF
0x00000001a32d3000 	/System/Library/Frameworks/QuickLook.framework/Versions/A/QuickLook
0x00000001ade56000 	/System/Library/PrivateFrameworks/DisplayServices.framework/Versions/A/DisplayServices
0x00000001bb50f000 	/System/Library/Frameworks/ImageCaptureCore.framework/Versions/A/ImageCaptureCore
0x000000028208a000 	/System/Library/PrivateFrameworks/VisionKitCore.framework/Versions/A/VisionKitCore
0x00000001b6c43000 	/System/Library/PrivateFrameworks/QuickLookSupport.framework/Versions/A/QuickLookSupport
0x00000002638af000 	/System/Library/PrivateFrameworks/MediaAnalysisServices.framework/Versions/A/MediaAnalysisServices
0x00000001be27a000 	/System/Library/PrivateFrameworks/PhotoLibraryServices.framework/Versions/A/PhotoLibraryServices
0x00000001bb127000 	/System/Library/Frameworks/Photos.framework/Versions/A/Photos
0x00000001cfa0d000 	/System/Library/PrivateFrameworks/PhotosFormats.framework/Versions/A/PhotosFormats
0x00000001cbeb8000 	/System/Library/PrivateFrameworks/CloudPhotoLibrary.framework/Versions/A/CloudPhotoLibrary
0x00000001d52b2000 	/System/Library/PrivateFrameworks/CloudPhotoServices.framework/Versions/A/CloudPhotoServices
0x00000001d1846000 	/System/Library/PrivateFrameworks/CoreMediaStream.framework/Versions/A/CoreMediaStream
0x00000001a6cc4000 	/System/Library/PrivateFrameworks/CPAnalytics.framework/Versions/A/CPAnalytics
0x00000001cdd84000 	/System/Library/PrivateFrameworks/MediaConversionService.framework/Versions/A/MediaConversionService
0x00000001ada39000 	/System/Library/PrivateFrameworks/PhotoFoundation.framework/Versions/A/PhotoFoundation
0x000000026ae69000 	/System/Library/PrivateFrameworks/PhotoLibraryServicesCore.framework/Versions/A/PhotoLibraryServicesCore
0x00000001c7afa000 	/System/Library/PrivateFrameworks/MMCS.framework/Versions/A/MMCS
0x00000001abd4a000 	/System/Library/PrivateFrameworks/ChunkingLibrary.framework/Versions/A/ChunkingLibrary
0x00000001a59b6000 	/System/Library/PrivateFrameworks/AssetCacheServices.framework/Versions/A/AssetCacheServices
0x00000001a797c000 	/System/Library/PrivateFrameworks/AVFoundationCF.framework/Versions/A/AVFoundationCF
0x00000001e5834000 	/usr/lib/swift/libswiftDemangle.dylib
0x000000025b6a2000 	/System/Library/PrivateFrameworks/ImageCaptureDevices.framework/Versions/A/ImageCaptureDevices
0x00000001b9864000 	/System/Library/PrivateFrameworks/MediaStream.framework/Versions/A/MediaStream
0x00000001ce226000 	/System/Library/PrivateFrameworks/NeutrinoCore.framework/Versions/A/NeutrinoCore
0x0000000195188000 	/System/Library/PrivateFrameworks/NLP.framework/Versions/A/NLP
0x00000001d4045000 	/System/Library/PrivateFrameworks/PhotoImaging.framework/Versions/A/PhotoImaging
0x00000001d5273000 	/System/Library/PrivateFrameworks/PhotosImagingFoundation.framework/Versions/A/PhotosImagingFoundation
0x000000026ba16000 	/System/Library/PrivateFrameworks/PhotosIntelligenceCore.framework/Versions/A/PhotosIntelligenceCore
0x00000001a7db8000 	/System/Library/PrivateFrameworks/EmbeddedAcousticRecognition.framework/Versions/A/EmbeddedAcousticRecognition
0x00000001c3117000 	/System/Library/PrivateFrameworks/EmojiFoundation.framework/Versions/A/EmojiFoundation
0x00000001cc131000 	/System/Library/PrivateFrameworks/SDAPI.framework/Versions/A/SDAPI
0x00000001d52c1000 	/System/Library/PrivateFrameworks/AutoLoop.framework/Versions/A/AutoLoop
0x000000026c5f7000 	/System/Library/PrivateFrameworks/Portrait.framework/Versions/A/Portrait
0x000000024f8e7000 	/System/Library/PrivateFrameworks/FusionTracker.framework/Versions/A/FusionTracker
0x00000001bbdc8000 	/System/Library/PrivateFrameworks/iTunesCloud.framework/Versions/A/iTunesCloud
0x00000001c501f000 	/System/Library/PrivateFrameworks/DAAPKit.framework/Versions/A/DAAPKit
0x00000001b6fc0000 	/System/Library/PrivateFrameworks/DeviceManagement.framework/Versions/A/DeviceManagement
0x00000001db2c0000 	/System/Library/PrivateFrameworks/ScreenTimeUI.framework/Versions/A/ScreenTimeUI
0x00000001b95a1000 	/System/Library/PrivateFrameworks/QuickLookNonBaseSystem.framework/Versions/A/QuickLookNonBaseSystem
0x00000001b9dc6000 	/System/Library/PrivateFrameworks/Catalyst.framework/Versions/A/Catalyst
0x00000001bb7ac000 	/System/Library/PrivateFrameworks/ScreenTimeCore.framework/Versions/A/ScreenTimeCore
0x00000001ceeb7000 	/System/Library/PrivateFrameworks/ScreenTimeServiceUI.framework/Versions/A/ScreenTimeServiceUI
0x00000001c7c8a000 	/System/Library/PrivateFrameworks/ConfigurationEngineModel.framework/Versions/A/ConfigurationEngineModel
0x00000001cae8e000 	/System/Library/PrivateFrameworks/UsageTracking.framework/Versions/A/UsageTracking
0x00000002337b5000 	/System/Library/Frameworks/DeviceActivity.framework/Versions/A/DeviceActivity
0x00000001cae5e000 	/System/Library/PrivateFrameworks/KnowledgeMonitor.framework/Versions/A/KnowledgeMonitor
0x00000001e27e1000 	/System/Library/PrivateFrameworks/BluetoothManager.framework/Versions/A/BluetoothManager
0x0000000234dc0000 	/System/Library/Frameworks/ManagedSettings.framework/Versions/A/ManagedSettings
0x000000026300c000 	/System/Library/PrivateFrameworks/ManagedSettingsSupport.framework/Versions/A/ManagedSettingsSupport
0x00000001dfbc2000 	/System/Library/Frameworks/ReplayKit.framework/Versions/A/ReplayKit
0x00000001aee16000 	/System/Library/PrivateFrameworks/MarkupUI.framework/Versions/A/MarkupUI
0x00000001b9579000 	/System/Library/PrivateFrameworks/SidecarCore.framework/Versions/A/SidecarCore
0x00000001bc1e3000 	/System/Library/PrivateFrameworks/AnnotationKit.framework/Versions/A/AnnotationKit
0x00000001ba87b000 	/System/Library/Frameworks/PencilKit.framework/Versions/A/PencilKit
0x00000001baa40000 	/System/Library/PrivateFrameworks/SidecarUI.framework/Versions/A/SidecarUI
0x00000001ba1d6000 	/System/Library/PrivateFrameworks/CoreHandwriting.framework/Versions/A/CoreHandwriting
0x000000018ed2e000 	/usr/lib/libmecabra.dylib
0x00000001b2a6f000 	/System/Library/PrivateFrameworks/Calculate.framework/Versions/A/Calculate
0x000000019e8d9000 	/usr/lib/libChineseTokenizer.dylib
0x00000001f0c46000 	/System/Library/PrivateFrameworks/ScreenReaderCore.framework/Versions/A/ScreenReaderCore
0x000000027984d000 	/System/Library/PrivateFrameworks/StocksKit.framework/Versions/A/StocksKit
0x00000001b1a64000 	/System/Library/PrivateFrameworks/OAuth.framework/Versions/A/OAuth
0x000000027953e000 	/System/Library/PrivateFrameworks/StocksCore.framework/Versions/A/StocksCore
0x000000027ab4f000 	/System/Library/PrivateFrameworks/TeaFoundation.framework/Versions/A/TeaFoundation
0x000000027ad31000 	/System/Library/PrivateFrameworks/TeaSettings.framework/Versions/A/TeaSettings
0x00000001e6efc000 	/System/Library/PrivateFrameworks/NewsCore.framework/Versions/A/NewsCore
0x000000027aaeb000 	/System/Library/PrivateFrameworks/TeaDB.framework/Versions/A/TeaDB
0x00000001e38f8000 	/System/Library/PrivateFrameworks/RemoteConfiguration.framework/Versions/A/RemoteConfiguration
0x00000001e6b07000 	/System/Library/PrivateFrameworks/NewsTransport.framework/Versions/A/NewsTransport
0x00000001e6eec000 	/System/Library/PrivateFrameworks/NewsFoundation.framework/Versions/A/NewsFoundation
0x0000000267344000 	/System/Library/PrivateFrameworks/NewsURLBucket.framework/Versions/A/NewsURLBucket
0x00000001bde71000 	/System/Library/PrivateFrameworks/MobileInstallation.framework/Versions/A/MobileInstallation
0x000000023d3dd000 	/System/Library/Frameworks/Translation.framework/Versions/A/Translation
0x00000001d6cc5000 	/System/Library/PrivateFrameworks/RevealCore.framework/Versions/A/RevealCore
0x00000001d6cb9000 	/System/Library/PrivateFrameworks/Reveal.framework/Versions/A/Reveal
0x00000001ceb81000 	/System/Library/Frameworks/Speech.framework/Versions/A/Speech
0x000000023e842000 	/System/Library/PrivateFrameworks/AIMLExperimentationAnalytics.framework/Versions/A/AIMLExperimentationAnalytics
0x0000000240bbd000 	/System/Library/PrivateFrameworks/AlgorithmsInternal.framework/Versions/A/AlgorithmsInternal
0x000000027e385000 	/System/Library/PrivateFrameworks/TranslationUIServices.framework/Versions/A/TranslationUIServices
0x000000027d270000 	/System/Library/PrivateFrameworks/TipKitCore.framework/Versions/A/TipKitCore
0x00000001c319b000 	/System/Library/PrivateFrameworks/CoreCDPInternal.framework/Versions/A/CoreCDPInternal
0x000000025be7f000 	/System/Library/PrivateFrameworks/InputAnalytics.framework/Versions/A/InputAnalytics
0x00000001c8cb8000 	/System/Library/Frameworks/InstantMessage.framework/Versions/A/InstantMessage
0x00000001c0c8a000 	/System/Library/PrivateFrameworks/IDSKVStore.framework/Versions/A/IDSKVStore
0x00000001c0950000 	/System/Library/PrivateFrameworks/IMDPersistence.framework/Versions/A/IMDPersistence
0x000000027ff71000 	/System/Library/PrivateFrameworks/UserSafety.framework/Versions/A/UserSafety
0x00000001e19f1000 	/System/Library/PrivateFrameworks/BlastDoor.framework/Versions/A/BlastDoor
0x0000000260331000 	/System/Library/PrivateFrameworks/LinkPresentationStyleSheetParsing.framework/Versions/A/LinkPresentationStyleSheetParsing
0x000000026c7a8000 	/System/Library/PrivateFrameworks/PosterFoundation.framework/Versions/A/PosterFoundation
0x000000026c837000 	/System/Library/PrivateFrameworks/PosterModel.framework/Versions/A/PosterModel
0x000000026c812000 	/System/Library/PrivateFrameworks/PosterFuturesKit.framework/Versions/A/PosterFuturesKit
0x000000024ed0e000 	/System/Library/PrivateFrameworks/FeedbackService.framework/Versions/A/FeedbackService
0x00000001b9c47000 	/System/Library/PrivateFrameworks/CoreSDB.framework/Versions/A/CoreSDB
0x000000024340a000 	/System/Library/PrivateFrameworks/AskToCore.framework/Versions/A/AskToCore
0x00000001dbaf7000 	/System/Library/PrivateFrameworks/MachineSettings.framework/Versions/A/MachineSettings
0x00000001cd5e0000 	/System/Library/PrivateFrameworks/BezelServices.framework/Versions/A/BezelServices
0x00000001c50ab000 	/System/Library/PrivateFrameworks/SPOwner.framework/Versions/A/SPOwner
0x00000001bdadc000 	/System/Library/PrivateFrameworks/FMCore.framework/Versions/A/FMCore
0x0000000286891000 	/System/Library/PrivateFrameworks/iCloudQuota.framework/Versions/A/iCloudQuota
0x00000001b2414000 	/System/Library/PrivateFrameworks/CoreRecognition.framework/Versions/A/CoreRecognition
0x00000001cd696000 	/System/Library/PrivateFrameworks/InAppMessages.framework/Versions/A/InAppMessages
0x00000001ef82f000 	/System/Library/PrivateFrameworks/JetUI.framework/Versions/A/JetUI
0x000000025f612000 	/System/Library/PrivateFrameworks/JetPack.framework/Versions/A/JetPack
0x00000001cd68d000 	/System/Library/PrivateFrameworks/InAppMessagesCore.framework/Versions/A/InAppMessagesCore
0x0000000285c49000 	/System/Library/PrivateFrameworks/_JetEngine_SwiftUI.framework/Versions/A/_JetEngine_SwiftUI
0x000000027a608000 	/System/Library/PrivateFrameworks/Synapse.framework/Versions/A/Synapse
0x00000002455b5000 	/System/Library/PrivateFrameworks/CSExattrCrypto.framework/Versions/A/CSExattrCrypto
0x00000001bef78000 	/System/Library/PrivateFrameworks/StoreFoundation.framework/Versions/A/StoreFoundation
0x00000001bdad6000 	/System/Library/PrivateFrameworks/ServerInformation.framework/Versions/A/ServerInformation
0x00000001bd507000 	/System/Library/PrivateFrameworks/Install.framework/Frameworks/DistributionKit.framework/Versions/A/DistributionKit
0x00000001b6a17000 	/System/Library/PrivateFrameworks/PackageKit.framework/Versions/A/PackageKit
0x00000001bd52a000 	/System/Library/PrivateFrameworks/OSPersonalization.framework/Versions/A/OSPersonalization
0x00000001bf502000 	/System/Library/PrivateFrameworks/BridgeOSSoftwareUpdate.framework/Versions/A/BridgeOSSoftwareUpdate
0x00000001ba0de000 	/System/Library/PrivateFrameworks/StorageManagement.framework/Versions/A/StorageManagement
0x00000001cea04000 	/usr/lib/libauthinstall.dylib
0x00000001bf50b000 	/System/Library/PrivateFrameworks/InstallerDiagnostics.framework/Versions/A/InstallerDiagnostics
0x00000001cf083000 	/usr/lib/libcrypto.42.dylib
0x000000028cf17000 	/usr/lib/updaters/libAppleTconUARPUpdater.dylib
0x000000028d0a1000 	/usr/lib/updaters/libT200Updater.dylib
0x00000001bf4f0000 	/System/Library/PrivateFrameworks/GPUInfo.framework/Versions/A/GPUInfo
0x00000001cd791000 	/System/Library/PrivateFrameworks/MobileActivationMacOS.framework/Versions/A/MobileActivationMacOS
0x00000001b19a6000 	/System/Library/PrivateFrameworks/AccountsDaemon.framework/Versions/A/AccountsDaemon
0x00000001a1a1f000 	/System/Library/PrivateFrameworks/CacheDelete.framework/Versions/A/CacheDelete
0x00000001aa397000 	/System/Library/Frameworks/QuickLookThumbnailing.framework/Versions/A/QuickLookThumbnailing
0x00000001bf54f000 	/System/Library/PrivateFrameworks/AOSKit.framework/Versions/A/AOSKit
0x000000019ea0a000 	/System/Library/PrivateFrameworks/AppSSOCore.framework/Versions/A/AppSSOCore
0x00000001b8f4f000 	/System/Library/Frameworks/AVFoundation.framework/Versions/A/AVFoundation
0x0000000243dbe000 	/System/Library/PrivateFrameworks/BackgroundSystemTasks.framework/Versions/A/BackgroundSystemTasks
0x00000001aa2ad000 	/System/Library/PrivateFrameworks/DuetActivityScheduler.framework/Versions/A/DuetActivityScheduler
0x00000001cbde7000 	/System/Library/PrivateFrameworks/NetworkServiceProxy.framework/Versions/A/NetworkServiceProxy
0x00000001a564a000 	/usr/lib/libnetworkextension.dylib
0x00000001a7cc6000 	/System/Library/PrivateFrameworks/Rapport.framework/Versions/A/Rapport
0x000000027a331000 	/System/Library/PrivateFrameworks/Symptoms.framework/Versions/A/Frameworks/SymptomAnalytics.framework/Versions/A/SymptomAnalytics
0x00000001a2453000 	/System/Library/Frameworks/NetworkExtension.framework/Versions/A/NetworkExtension
0x00000001a8a6d000 	/System/Library/PrivateFrameworks/CoreDuetContext.framework/Versions/A/CoreDuetContext
0x00000001937b5000 	/System/Library/PrivateFrameworks/CoreDuet.framework/Versions/A/CoreDuet
0x00000001ad792000 	/System/Library/PrivateFrameworks/AssistantServices.framework/Versions/A/AssistantServices
0x00000001a7ac0000 	/System/Library/PrivateFrameworks/SAObjects.framework/Versions/A/SAObjects
0x00000001ad38d000 	/System/Library/PrivateFrameworks/MediaRemote.framework/Versions/A/MediaRemote
0x00000001bfa43000 	/System/Library/PrivateFrameworks/SiriInstrumentation.framework/Versions/A/SiriInstrumentation
0x0000000271290000 	/System/Library/PrivateFrameworks/SiriAnalytics.framework/Versions/A/SiriAnalytics
0x0000000277137000 	/System/Library/PrivateFrameworks/SiriTTSService.framework/Versions/A/SiriTTSService
0x0000000271bcc000 	/System/Library/PrivateFrameworks/SiriCrossDeviceArbitration.framework/Versions/A/SiriCrossDeviceArbitration
0x00000001bd29f000 	/System/Library/PrivateFrameworks/FeedbackLogger.framework/Versions/A/FeedbackLogger
0x000000024e8b6000 	/System/Library/PrivateFrameworks/FaceTimeNameUtility.framework/Versions/A/FaceTimeNameUtility
0x0000000271c20000 	/System/Library/PrivateFrameworks/SiriCrossDeviceArbitrationFeedback.framework/Versions/A/SiriCrossDeviceArbitrationFeedback
0x0000000258311000 	/System/Library/PrivateFrameworks/GenerativeModels.framework/Versions/A/GenerativeModels
0x0000000231fed000 	/System/Library/Frameworks/AVRouting.framework/Versions/A/AVRouting
0x00000001b2227000 	/System/Library/PrivateFrameworks/MediaServices.framework/Versions/A/MediaServices
0x00000001a0074000 	/System/Library/Frameworks/MediaToolbox.framework/Versions/A/MediaToolbox
0x00000001a6a65000 	/System/Library/PrivateFrameworks/CoreAVCHD.framework/Versions/A/CoreAVCHD
0x00000001a6a61000 	/System/Library/PrivateFrameworks/Mangrove.framework/Versions/A/Mangrove
0x00000002453d1000 	/System/Library/PrivateFrameworks/CMPhoto.framework/Versions/A/CMPhoto
0x00000001a724b000 	/System/Library/Frameworks/CoreTelephony.framework/Versions/A/CoreTelephony
0x00000001a6a54000 	/System/Library/PrivateFrameworks/CoreAUC.framework/Versions/A/CoreAUC
0x0000000242702000 	/System/Library/PrivateFrameworks/AppleJPEGXL.framework/Versions/A/AppleJPEGXL
0x00000001a1ac0000 	/usr/lib/libTelephonyUtilDynamic.dylib
0x00000001a78fe000 	/System/Library/Frameworks/LocalAuthentication.framework/Versions/A/LocalAuthentication
0x0000000260567000 	/System/Library/PrivateFrameworks/LocalAuthenticationCore.framework/Versions/A/LocalAuthenticationCore
0x00000002606ec000 	/System/Library/PrivateFrameworks/LocalAuthenticationCredentialServices.framework/Versions/A/LocalAuthenticationCredentialServices
0x00000001a796a000 	/System/Library/Frameworks/LocalAuthentication.framework/Support/SharedUtils.framework/Versions/A/SharedUtils
0x000000019ee54000 	/System/Library/PrivateFrameworks/PersistentConnection.framework/Versions/A/PersistentConnection
0x000000027894c000 	/System/Library/PrivateFrameworks/SonicFoundation.framework/Versions/A/SonicFoundation
0x000000024d114000 	/System/Library/PrivateFrameworks/Dendrite.framework/Versions/A/Dendrite
0x00000001c1952000 	/usr/lib/libtailspin.dylib
0x00000001d53d1000 	/System/Library/PrivateFrameworks/Osprey.framework/Versions/A/Osprey
0x0000000276791000 	/System/Library/PrivateFrameworks/SiriTTS.framework/Versions/A/SiriTTS
0x00000001b9d0d000 	/System/Library/Frameworks/NaturalLanguage.framework/Versions/A/NaturalLanguage
0x0000000275577000 	/System/Library/PrivateFrameworks/SiriPowerInstrumentation.framework/Versions/A/SiriPowerInstrumentation
0x00000001babd0000 	/System/Library/PrivateFrameworks/Trial.framework/Versions/A/Trial
0x00000001bab52000 	/System/Library/PrivateFrameworks/TrialProto.framework/Versions/A/TrialProto
0x000000027f636000 	/System/Library/PrivateFrameworks/UnifiedAssetFramework.framework/Versions/A/UnifiedAssetFramework
0x00000001d73f9000 	/usr/lib/swift/libswiftAVFoundation.dylib
0x00000001e789a000 	/usr/lib/swift/libswiftNaturalLanguage.dylib
0x000000027aae9000 	/System/Library/PrivateFrameworks/TailspinSymbolication.framework/Versions/A/TailspinSymbolication
0x000000024cd53000 	/System/Library/PrivateFrameworks/Darwinup.framework/Versions/A/Darwinup
0x00000001cddbf000 	/System/Library/PrivateFrameworks/SignpostSupport.framework/Versions/A/SignpostSupport
0x00000001b9bd4000 	/System/Library/PrivateFrameworks/FeatureFlagsSupport.framework/Versions/A/FeatureFlagsSupport
0x00000001cd4f2000 	/System/Library/PrivateFrameworks/ktrace.framework/Versions/A/ktrace
0x00000001cdfee000 	/System/Library/PrivateFrameworks/SampleAnalysis.framework/Versions/A/SampleAnalysis
0x00000001d6c93000 	/System/Library/PrivateFrameworks/kperfdata.framework/Versions/A/kperfdata
0x00000001a3414000 	/usr/lib/libdscsym.dylib
0x00000001d714f000 	/System/Library/PrivateFrameworks/BulkSymbolication.framework/Versions/A/BulkSymbolication
0x00000001aa3e3000 	/System/Library/PrivateFrameworks/Espresso.framework/Versions/A/Espresso
0x00000001983fd000 	/System/Library/Frameworks/CoreML.framework/Versions/A/CoreML
0x00000001f0fed000 	/System/Library/PrivateFrameworks/ANECompiler.framework/Versions/A/ANECompiler
0x00000001ac4dc000 	/System/Library/PrivateFrameworks/AppleNeuralEngine.framework/Versions/A/AppleNeuralEngine
0x0000000235ae7000 	/System/Library/Frameworks/MetalPerformanceShadersGraph.framework/Versions/A/MetalPerformanceShadersGraph
0x0000000260ff3000 	/System/Library/PrivateFrameworks/MLCompilerServices.framework/Versions/A/MLCompilerServices
0x00000001ab287000 	/System/Library/PrivateFrameworks/ANEServices.framework/Versions/A/ANEServices
0x00000002683a0000 	/System/Library/PrivateFrameworks/ODIE.framework/Versions/A/ODIE
0x0000000260f97000 	/System/Library/PrivateFrameworks/MLCompilerRuntime.framework/Versions/A/MLCompilerRuntime
0x000000019c807000 	/System/Library/Frameworks/MLCompute.framework/Versions/A/MLCompute
0x0000000260f19000 	/System/Library/PrivateFrameworks/MLAssetIO.framework/Versions/A/MLAssetIO
0x000000028c9ef000 	/usr/lib/swift/libswiftMLCompute.dylib
0x00000001a7451000 	/System/Library/PrivateFrameworks/AVFCore.framework/Versions/A/AVFCore
0x00000001b09b1000 	/System/Library/PrivateFrameworks/AVFCapture.framework/Versions/A/AVFCapture
0x00000002451ba000 	/System/Library/PrivateFrameworks/CMImaging.framework/Versions/A/CMImaging
0x00000001b0bfb000 	/System/Library/PrivateFrameworks/Quagga.framework/Versions/A/Quagga
0x00000001b0d2f000 	/System/Library/PrivateFrameworks/CMCapture.framework/Versions/A/CMCapture
0x00000001a1643000 	/System/Library/Frameworks/CoreMediaIO.framework/Versions/A/CoreMediaIO
0x00000002450f6000 	/System/Library/PrivateFrameworks/CMCaptureDevice.framework/Versions/A/CMCaptureDevice
0x000000019efca000 	/System/Library/PrivateFrameworks/CoreBrightness.framework/Versions/A/CoreBrightness
0x000000024620c000 	/System/Library/PrivateFrameworks/CinematicFraming.framework/Versions/A/CinematicFraming
0x0000000265056000 	/System/Library/PrivateFrameworks/ModelManagerServices.framework/Versions/A/ModelManagerServices
0x00000001d448f000 	/System/Library/PrivateFrameworks/CPMS.framework/Versions/A/CPMS
0x000000027a7df000 	/System/Library/PrivateFrameworks/SystemStatus.framework/Versions/A/SystemStatus
0x00000001b8b47000 	/System/Library/Frameworks/CoreMotion.framework/Versions/A/CoreMotion
0x00000001c8d76000 	/System/Library/PrivateFrameworks/TimeSync.framework/Versions/A/TimeSync
0x000000024da36000 	/System/Library/PrivateFrameworks/DistributedSensing.framework/Versions/A/DistributedSensing
0x00000001c42ea000 	/System/Library/PrivateFrameworks/MobileBluetooth.framework/Versions/A/MobileBluetooth
0x00000001caa76000 	/System/Library/PrivateFrameworks/IOKitten.framework/Versions/A/IOKitten
0x0000000242605000 	/System/Library/PrivateFrameworks/AppleIntelligenceReporting.framework/Versions/A/AppleIntelligenceReporting
0x000000018ffaa000 	/System/Library/PrivateFrameworks/LanguageModeling.framework/Versions/A/LanguageModeling
0x0000000194f8f000 	/System/Library/PrivateFrameworks/Montreal.framework/Versions/A/Montreal
0x000000019d286000 	/usr/lib/libcmph.dylib
0x00000002583ee000 	/System/Library/PrivateFrameworks/GenerativeModelsFoundation.framework/Versions/A/GenerativeModelsFoundation
0x000000027d5d9000 	/System/Library/PrivateFrameworks/TokenGeneration.framework/Versions/A/TokenGeneration
0x00000002581cd000 	/System/Library/PrivateFrameworks/GenerativeFunctions.framework/Versions/A/GenerativeFunctions
0x0000000258219000 	/System/Library/PrivateFrameworks/GenerativeFunctionsFoundation.framework/Versions/A/GenerativeFunctionsFoundation
0x0000000264c73000 	/System/Library/PrivateFrameworks/ModelCatalog.framework/Versions/A/ModelCatalog
0x000000027073c000 	/System/Library/PrivateFrameworks/SensitiveContentAnalysisML.framework/Versions/A/SensitiveContentAnalysisML
0x00000002582ae000 	/System/Library/PrivateFrameworks/GenerativeFunctionsInstrumentation.framework/Versions/A/GenerativeFunctionsInstrumentation
0x000000026d938000 	/System/Library/PrivateFrameworks/PromptKit.framework/Versions/A/PromptKit
0x000000026d409000 	/System/Library/PrivateFrameworks/ProactiveDaemonSupport.framework/Versions/A/ProactiveDaemonSupport
0x000000027d827000 	/System/Library/PrivateFrameworks/TokenGenerationCore.framework/Versions/A/TokenGenerationCore
0x0000000242266000 	/System/Library/PrivateFrameworks/AppleFlatBuffers.framework/Versions/A/AppleFlatBuffers
0x0000000270975000 	/System/Library/PrivateFrameworks/SentencePieceInternal.framework/Versions/A/SentencePieceInternal
0x00000001a5a2e000 	/System/Library/Frameworks/Vision.framework/Versions/A/Vision
0x000000024c72a000 	/System/Library/PrivateFrameworks/CoreSceneUnderstanding.framework/Versions/A/CoreSceneUnderstanding
0x000000028203e000 	/System/Library/PrivateFrameworks/VisionCore.framework/Versions/A/VisionCore
0x00000001c3283000 	/System/Library/Frameworks/Vision.framework/libfaceCore.dylib
0x00000001c3da6000 	/System/Library/PrivateFrameworks/Futhark.framework/Versions/A/Futhark
0x00000001c7ba6000 	/System/Library/PrivateFrameworks/InertiaCam.framework/Versions/A/InertiaCam
0x00000001c3b2e000 	/System/Library/PrivateFrameworks/TextRecognition.framework/Versions/A/TextRecognition
0x000000019ea2b000 	/System/Library/PrivateFrameworks/CVNLP.framework/Versions/A/CVNLP
0x0000000197e9b000 	/System/Library/PrivateFrameworks/ApplePushService.framework/Versions/A/ApplePushService
0x0000000197f06000 	/System/Library/Frameworks/CloudKit.framework/Versions/A/CloudKit
0x00000001ab445000 	/System/Library/PrivateFrameworks/CoreDuetDaemonProtocol.framework/Versions/A/CoreDuetDaemonProtocol
0x00000001d05d6000 	/System/Library/PrivateFrameworks/DeviceIdentity.framework/Versions/A/DeviceIdentity
0x000000023bacb000 	/System/Library/Frameworks/SharedWithYouCore.framework/Versions/A/SharedWithYouCore
0x0000000246ab4000 	/System/Library/PrivateFrameworks/CloudTelemetry.framework/Versions/A/CloudTelemetry
0x00000001a9d7a000 	/System/Library/PrivateFrameworks/AppleAccount.framework/Versions/A/AppleAccount
0x00000001aa33c000 	/System/Library/PrivateFrameworks/C2.framework/Versions/A/C2
0x0000000246726000 	/System/Library/PrivateFrameworks/CloudCoreInternal.framework/Versions/A/CloudCoreInternal
0x00000002464cb000 	/System/Library/PrivateFrameworks/CloudAsset.framework/Versions/A/CloudAsset
0x00000001aa333000 	/System/Library/Frameworks/PushKit.framework/Versions/A/PushKit
0x0000000246ad4000 	/System/Library/PrivateFrameworks/CloudTelemetryTools.framework/Versions/A/CloudTelemetryTools
0x00000001ac237000 	/System/Library/PrivateFrameworks/RTCReporting.framework/Versions/A/RTCReporting
0x000000023e727000 	/System/Library/PrivateFrameworks/AAAFoundationSwift.framework/Versions/A/AAAFoundationSwift
0x00000001aa005000 	/System/Library/PrivateFrameworks/AppleIDSSOAuthentication.framework/Versions/A/AppleIDSSOAuthentication
0x00000001bee23000 	/System/Library/PrivateFrameworks/CaptiveNetwork.framework/Versions/A/CaptiveNetwork
0x00000001a980b000 	/System/Library/PrivateFrameworks/EAP8021X.framework/Versions/A/EAP8021X
0x000000024cb39000 	/System/Library/PrivateFrameworks/CryptoKitPrivate.framework/Versions/A/CryptoKitPrivate
0x00000001b919e000 	/System/Library/PrivateFrameworks/FindMyDevice.framework/Versions/A/FindMyDevice
0x00000001adf46000 	/System/Library/PrivateFrameworks/FMCoreLite.framework/Versions/A/FMCoreLite
0x000000019c4a7000 	/System/Library/Frameworks/ServiceManagement.framework/Versions/A/ServiceManagement
0x0000000128fdc000 	/opt/homebrew/Cellar/openjdk@21/21.0.9/libexec/openjdk.jdk/Contents/Home/lib/libextnet.dylib
0x000000012f898000 	/opt/homebrew/Cellar/openjdk@21/21.0.9/libexec/openjdk.jdk/Contents/Home/lib/libmanagement.dylib
0x000000012f8ac000 	/opt/homebrew/Cellar/openjdk@21/21.0.9/libexec/openjdk.jdk/Contents/Home/lib/libmanagement_ext.dylib
0x000000012f8d8000 	/opt/homebrew/Cellar/openjdk@21/21.0.9/libexec/openjdk.jdk/Contents/Home/lib/libverify.dylib
0x000000012f8c0000 	/opt/homebrew/Cellar/openjdk@21/21.0.9/libexec/openjdk.jdk/Contents/Home/lib/libprefs.dylib
0x000000012f98c000 	/private/tmp/pbl3-javafx-cache/libjavafx_font.dylib
0x00000001c3ea6000 	/System/Library/CoreServices/RawCamera.bundle/Contents/MacOS/RawCamera
0x00000001cdfb7000 	/System/Library/PrivateFrameworks/UIKitServices.framework/Versions/A/UIKitServices
0x0000000278f6d000 	/System/Library/PrivateFrameworks/SpotlightKnowledge.framework/Versions/A/SpotlightKnowledge
0x0000000278f54000 	/System/Library/PrivateFrameworks/SpotlightEmbedding.framework/Versions/A/SpotlightEmbedding
0x0000000193758000 	/System/Library/PrivateFrameworks/SpotlightLinguistics.framework/Versions/A/SpotlightLinguistics
0x0000000279121000 	/System/Library/PrivateFrameworks/SpotlightResources.framework/Versions/A/SpotlightResources
0x00000001bede7000 	/System/Library/PrivateFrameworks/DataDeliveryServices.framework/Versions/A/DataDeliveryServices
0x000000027b2fa000 	/System/Library/PrivateFrameworks/TextInputUI.framework/Versions/A/TextInputUI
0x000000027b32f000 	/System/Library/PrivateFrameworks/TextInputUIMacHelper.framework/Versions/A/TextInputUIMacHelper
0x00000001c3e96000 	/System/Library/PrivateFrameworks/SafariPlatformSupport.framework/Versions/A/SafariPlatformSupport
0x000000014097c000 	/opt/homebrew/Cellar/openjdk@21/21.0.9/libexec/openjdk.jdk/Contents/Home/lib/libawt.dylib
0x0000000140a20000 	/opt/homebrew/Cellar/openjdk@21/21.0.9/libexec/openjdk.jdk/Contents/Home/lib/libmlib_image.dylib
0x0000000234c43000 	/System/Library/Frameworks/JavaRuntimeSupport.framework/Versions/A/JavaRuntimeSupport
0x000000014e1d4000 	/opt/homebrew/Cellar/openjdk@21/21.0.9/libexec/openjdk.jdk/Contents/Home/lib/libawt_lwawt.dylib
0x000000013e978000 	/opt/homebrew/Cellar/openjdk@21/21.0.9/libexec/openjdk.jdk/Contents/Home/lib/libosxapp.dylib
0x00000001b7088000 	/System/Library/Frameworks/ExceptionHandling.framework/Versions/A/ExceptionHandling
0x000000013e738000 	/opt/homebrew/Cellar/openjdk@21/21.0.9/libexec/openjdk.jdk/Contents/Home/lib/libfontmanager.dylib
0x000000014e304000 	/opt/homebrew/Cellar/harfbuzz/12.3.0/lib/libharfbuzz.0.dylib
0x000000014baf0000 	/opt/homebrew/Cellar/freetype/2.14.3/lib/libfreetype.6.dylib
0x000000014e43c000 	/opt/homebrew/Cellar/glib/2.86.3/lib/libglib-2.0.0.dylib
0x000000013e9ac000 	/opt/homebrew/Cellar/graphite2/1.3.14/lib/libgraphite2.3.2.1.dylib
0x000000013efa4000 	/opt/homebrew/Cellar/libpng/1.6.58/lib/libpng16.16.dylib
0x0000000140210000 	/opt/homebrew/Cellar/gettext/0.26_1/lib/libintl.8.dylib
0x000000014bd64000 	/opt/homebrew/Cellar/pcre2/10.47/lib/libpcre2-8.0.dylib

JVMTI agents: none


VM Arguments:
jvm_args: -Djavafx.cachedir=/tmp/pbl3-javafx-cache --module-path=/Users/macbook/.m2/repository/org/openjfx/javafx-base/21.0.1/javafx-base-21.0.1-mac-aarch64.jar:/Users/macbook/.m2/repository/org/openjfx/javafx-base/21.0.1/javafx-base-21.0.1.jar:/Users/macbook/.m2/repository/org/openjfx/javafx-controls/21.0.1/javafx-controls-21.0.1-mac-aarch64.jar:/Users/macbook/.m2/repository/org/openjfx/javafx-controls/21.0.1/javafx-controls-21.0.1.jar:/Users/macbook/.m2/repository/org/openjfx/javafx-fxml/21.0.1/javafx-fxml-21.0.1-mac-aarch64.jar:/Users/macbook/.m2/repository/org/openjfx/javafx-fxml/21.0.1/javafx-fxml-21.0.1.jar:/Users/macbook/.m2/repository/org/openjfx/javafx-graphics/21.0.1/javafx-graphics-21.0.1-mac-aarch64.jar:/Users/macbook/.m2/repository/org/openjfx/javafx-graphics/21.0.1/javafx-graphics-21.0.1.jar --add-modules=javafx.base,javafx.controls,javafx.fxml,javafx.graphics 
java_command: com.pbl3.project.pbl3_project.SalesManagementDesktopApplication
java_class_path (initial): /Users/macbook/Documents/University Library/PBL3-Project/target/classes:/Users/macbook/.m2/repository/ch/qos/logback/logback-classic/1.5.12/logback-classic-1.5.12.jar:/Users/macbook/.m2/repository/ch/qos/logback/logback-core/1.5.12/logback-core-1.5.12.jar:/Users/macbook/.m2/repository/com/fasterxml/classmate/1.7.0/classmate-1.7.0.jar:/Users/macbook/.m2/repository/com/fasterxml/jackson/core/jackson-annotations/2.18.2/jackson-annotations-2.18.2.jar:/Users/macbook/.m2/repository/com/fasterxml/jackson/core/jackson-core/2.18.2/jackson-core-2.18.2.jar:/Users/macbook/.m2/repository/com/fasterxml/jackson/core/jackson-databind/2.18.2/jackson-databind-2.18.2.jar:/Users/macbook/.m2/repository/com/fasterxml/jackson/dataformat/jackson-dataformat-toml/2.18.2/jackson-dataformat-toml-2.18.2.jar:/Users/macbook/.m2/repository/com/fasterxml/jackson/datatype/jackson-datatype-jdk8/2.18.2/jackson-datatype-jdk8-2.18.2.jar:/Users/macbook/.m2/repository/com/fasterxml/jackson/datatype/jackson-datatype-jsr310/2.18.2/jackson-datatype-jsr310-2.18.2.jar:/Users/macbook/.m2/repository/com/fasterxml/jackson/module/jackson-module-parameter-names/2.18.2/jackson-module-parameter-names-2.18.2.jar:/Users/macbook/.m2/repository/com/google/zxing/core/3.5.3/core-3.5.3.jar:/Users/macbook/.m2/repository/com/itextpdf/itextpdf/5.5.13.3/itextpdf-5.5.13.3.jar:/Users/macbook/.m2/repository/com/mysql/mysql-connector-j/9.1.0/mysql-connector-j-9.1.0.jar:/Users/macbook/.m2/repository/com/sun/istack/istack-commons-runtime/4.1.2/istack-commons-runtime-4.1.2.jar:/Users/macbook/.m2/repository/com/zaxxer/HikariCP/5.1.0/HikariCP-5.1.0.jar:/Users/macbook/.m2/repository/io/micrometer/micrometer-commons/1.14.2/micrometer-commons-1.14.2.jar:/Users/macbook/.m2/repository/io/micrometer/micrometer-observation/1.14.2/micrometer-observation-1.14.2.jar:/Users/macbook/.m2/repository/io/smallrye/jandex/3.2.0/jandex-3.2.0.jar:/Users/macbook/.m2/repository/jakarta/activation/jakarta.activation-api/2.1.3/jakarta.activation-api-2.1.3.jar:/Users/macbook/.m2/repository/jakarta/annotation/jakarta.annotation-api/2.1.1/jakarta.annotation-api-2.1.1.jar:/Users/macbook/.m2/repository/jakarta/inject/jakarta.inject-api/2.0.1/jakarta.inject-api-2.0.1.jar:/Users/macbook/.m2/repository/jakarta/persistence/jakarta.persistence-api/3.1.0/jakarta.persistence-api-3.1.0.jar:/Users/macbook/.m2/repository/jakarta/transaction/jakarta.transaction-api/2.0.1/jakarta.transaction-api-2.0.1.jar:/Users/macbook/.m2/repository/jakarta/validation/jakarta.validation-api/3.0.2/jakarta.validation-api-3.0.2.jar:/Users/macbook/.m2/repository/jakarta/xml/bind/jakarta.xml.bind-api/4.0.2/jakarta.xml.bind-api-4.0.2.jar:/Users/macbook/.m2/repository/net/bytebuddy/byte-buddy/1.15.11/byte-buddy-1.15.11.jar:/Users/macbook/.m2/repository/org/antlr/antlr4-runtime/4.13.0/antlr4-runtime-4.13.0.jar:/Users/macbook/.m2/repository/org/apache/logging/log4j/log4j-api/2.24.3/log4j-api-2.24.3.jar:/Users/macbook/.m2/repository/org/apache/logging/log4j/log4j-to-slf4j/2.24.3/log4j-to-slf4j-2.24.3.jar:/Users/macbook/.m2/repository/org/apache/tomcat/embed/tomcat-embed-core/10.1.34/tomcat-embed-core-10.1.34.jar:/Users/macbook/.m2/repository/org/apache/tomcat/embed/tomcat-embed-el/10.1.34/tomcat-embed-el-10.1.34.jar:/Users/macbook/.m2/repository/org/apache/tomcat/embed/tomcat-embed-websocket/10.1.34/tomcat-embed-websocket-10.1.34.jar:/Users/macbook/.m2/repository/org/aspectj/aspectjweaver/1.9.22.1/aspectjweaver-1.9.22.1.jar:/Users/macbook/.m2/repository/org/eclipse/angus/angus-activation/2.0.2/angus-activation-2.0.2.jar:/Users/macbook/.m2/repository/org/flywaydb/flyway-core/10.20.1/flyway-core-10.20.1.jar:/Users/macbook/.m2/repository/org/flywaydb/flyway-mysql/10.20.1/flyway-mysql-10.20.1.jar:/Users/macbook/.m2/repository/org/glassfish/jaxb/jaxb-core/4.0.5/jaxb-core-4.0.5.jar:/Users/macbook/.m2/repository/org/glassfish/jaxb/jaxb-runtime/4.0.5/jaxb-runtime-4.0.5.jar:/Users/macbook/.m2/repository/org/glassfish/jaxb/txw2/4.0.5/txw2-4.0.5.jar:/Users/macbook/.m2/repository/org/hibernate/common/hibernate-commons-annotations/7.0.3.Final/hibernate-commons-annotations-7.0.3.Final.jar:/Users/macbook/.m2/repository/org/hibernate/orm/hibernate-core/6.6.4.Final/hibernate-core-6.6.4.Final.jar:/Users/macbook/.m2/repository/org/hibernate/validator/hibernate-validator/8.0.2.Final/hibernate-validator-8.0.2.Final.jar:/Users/macbook/.m2/repository/org/jboss/logging/jboss-logging/3.6.1.Final/jboss-logging-3.6.1.Final.jar:/Users/macbook/.m2/repository/org/projectlombok/lombok/1.18.30/lombok-1.18.30.jar:/Users/macbook/.m2/repository/org/slf4j/jul-to-slf4j/2.0.16/jul-to-slf4j-2.0.16.jar:/Users/macbook/.m2/repository/org/slf4j/slf4j-api/2.0.16/slf4j-api-2.0.16.jar:/Users/macbook/.m2/repository/org/springframework/spring-aop/6.2.1/spring-aop-6.2.1.jar:/Users/macbook/.m2/repository/org/springframework/spring-aspects/6.2.1/spring-aspects-6.2.1.jar:/Users/macbook/.m2/repository/org/springframework/spring-beans/6.2.1/spring-beans-6.2.1.jar:/Users/macbook/.m2/repository/org/springframework/spring-context/6.2.1/spring-context-6.2.1.jar:/Users/macbook/.m2/repository/org/springframework/spring-core/6.2.1/spring-core-6.2.1.jar:/Users/macbook/.m2/repository/org/springframework/spring-expression/6.2.1/spring-expression-6.2.1.jar:/Users/macbook/.m2/repository/org/springframework/spring-jcl/6.2.1/spring-jcl-6.2.1.jar:/Users/macbook/.m2/repository/org/springframework/spring-jdbc/6.2.1/spring-jdbc-6.2.1.jar:/Users/macbook/.m2/repository/org/springframework/spring-orm/6.2.1/spring-orm-6.2.1.jar:/Users/macbook/.m2/repository/org/springframework/spring-tx/6.2.1/spring-tx-6.2.1.jar:/Users/macbook/.m2/repository/org/springframework/spring-web/6.2.1/spring-web-6.2.1.jar:/Users/macbook/.m2/repository/org/springframework/spring-webmvc/6.2.1/spring-webmvc-6.2.1.jar:/Users/macbook/.m2/repository/org/springframework/boot/spring-boot/3.4.1/spring-boot-3.4.1.jar:/Users/macbook/.m2/repository/org/springframework/boot/spring-boot-autoconfigure/3.4.1/spring-boot-autoconfigure-3.4.1.jar:/Users/macbook/.m2/repository/org/springframework/boot/spring-boot-devtools/3.4.1/spring-boot-devtools-3.4.1.jar:/Users/macbook/.m2/repository/org/springframework/boot/spring-boot-starter/3.4.1/spring-boot-starter-3.4.1.jar:/Users/macbook/.m2/repository/org/springframework/boot/spring-boot-starter-data-jpa/3.4.1/spring-boot-starter-data-jpa-3.4.1.jar:/Users/macbook/.m2/repository/org/springframework/boot/spring-boot-starter-jdbc/3.4.1/spring-boot-starter-jdbc-3.4.1.jar:/Users/macbook/.m2/repository/org/springframework/boot/spring-boot-starter-json/3.4.1/spring-boot-starter-json-3.4.1.jar:/Users/macbook/.m2/repository/org/springframework/boot/spring-boot-starter-logging/3.4.1/spring-boot-starter-logging-3.4.1.jar:/Users/macbook/.m2/repository/org/springframework/boot/spring-boot-starter-tomcat/3.4.1/spring-boot-starter-tomcat-3.4.1.jar:/Users/macbook/.m2/repository/org/springframework/boot/spring-boot-starter-validation/3.4.1/spring-boot-starter-validation-3.4.1.jar:/Users/macbook/.m2/repository/org/springframework/boot/spring-boot-starter-web/3.4.1/spring-boot-starter-web-3.4.1.jar:/Users/macbook/.m2/repository/org/springframework/data/spring-data-commons/3.4.1/spring-data-commons-3.4.1.jar:/Users/macbook/.m2/repository/org/springframework/data/spring-data-jpa/3.4.1/spring-data-jpa-3.4.1.jar:/Users/macbook/.m2/repository/org/springframework/security/spring-security-crypto/6.4.2/spring-security-crypto-6.4.2.jar:/Users/macbook/.m2/repository/org/yaml/snakeyaml/2.3/snakeyaml-2.3.jar
Launcher Type: SUN_STANDARD

[Global flags]
     intx CICompilerCount                          = 4                                         {product} {ergonomic}
     uint ConcGCThreads                            = 2                                         {product} {ergonomic}
     uint G1ConcRefinementThreads                  = 8                                         {product} {ergonomic}
   size_t G1HeapRegionSize                         = 1048576                                   {product} {ergonomic}
    uintx GCDrainStackTargetSize                   = 64                                        {product} {ergonomic}
   size_t InitialHeapSize                          = 134217728                                 {product} {ergonomic}
   size_t MarkStackSize                            = 4194304                                   {product} {ergonomic}
   size_t MaxHeapSize                              = 2147483648                                {product} {ergonomic}
   size_t MaxNewSize                               = 1287651328                                {product} {ergonomic}
   size_t MinHeapDeltaBytes                        = 1048576                                   {product} {ergonomic}
   size_t MinHeapSize                              = 8388608                                   {product} {ergonomic}
    uintx NonNMethodCodeHeapSize                   = 5839564                                {pd product} {ergonomic}
    uintx NonProfiledCodeHeapSize                  = 122909338                              {pd product} {ergonomic}
    uintx ProfiledCodeHeapSize                     = 122909338                              {pd product} {ergonomic}
    uintx ReservedCodeCacheSize                    = 251658240                              {pd product} {ergonomic}
     bool SegmentedCodeCache                       = true                                      {product} {ergonomic}
   size_t SoftMaxHeapSize                          = 2147483648                             {manageable} {ergonomic}
     bool UseCompressedOops                        = true                           {product lp64_product} {ergonomic}
     bool UseG1GC                                  = true                                      {product} {ergonomic}
     bool UseNUMA                                  = false                                     {product} {ergonomic}
     bool UseNUMAInterleaving                      = false                                     {product} {ergonomic}

Logging:
Log output configuration:
 #0: stdout all=warning uptime,level,tags foldmultilines=false
 #1: stderr all=off uptime,level,tags foldmultilines=false

Release file:
IMPLEMENTOR="Homebrew"
IMPLEMENTOR_VERSION="Homebrew"
JAVA_RUNTIME_VERSION="21.0.9"
JAVA_VERSION="21.0.9"
JAVA_VERSION_DATE="2025-10-21"
LIBC="default"
MODULES="java.base java.compiler java.datatransfer java.xml java.prefs java.desktop java.instrument java.logging java.management java.security.sasl java.naming java.rmi java.management.rmi java.net.http java.scripting java.security.jgss java.transaction.xa java.sql java.sql.rowset java.xml.crypto java.se java.smartcardio jdk.accessibility jdk.internal.jvmstat jdk.attach jdk.charsets jdk.internal.opt jdk.zipfs jdk.compiler jdk.crypto.ec jdk.crypto.cryptoki jdk.dynalink jdk.internal.ed jdk.editpad jdk.hotspot.agent jdk.httpserver jdk.incubator.vector jdk.internal.le jdk.internal.vm.ci jdk.internal.vm.compiler jdk.internal.vm.compiler.management jdk.jartool jdk.javadoc jdk.jcmd jdk.management jdk.management.agent jdk.jconsole jdk.jdeps jdk.jdwp.agent jdk.jdi jdk.jfr jdk.jlink jdk.jpackage jdk.jshell jdk.jsobject jdk.jstatd jdk.localedata jdk.management.jfr jdk.naming.dns jdk.naming.rmi jdk.net jdk.nio.mapmode jdk.random jdk.sctp jdk.security.auth jdk.security.jgss jdk.unsupported jdk.unsupported.desktop jdk.xml.dom"
OS_ARCH="aarch64"
OS_NAME="Darwin"
SOURCE=""

Environment Variables:
JAVA_HOME=/opt/homebrew/Cellar/openjdk@21/21.0.9/libexec/openjdk.jdk/Contents/Home
PATH=/opt/homebrew/Cellar/openjdk@21/21.0.9/libexec/openjdk.jdk/Contents/Home/bin:/Users/macbook/.antigravity/antigravity/bin:/usr/local/bin:/System/Cryptexes/App/usr/bin:/usr/bin:/bin:/usr/sbin:/sbin:/var/run/com.apple.security.cryptexd/codex.system/bootstrap/usr/local/bin:/var/run/com.apple.security.cryptexd/codex.system/bootstrap/usr/bin:/var/run/com.apple.security.cryptexd/codex.system/bootstrap/usr/appleinternal/bin:/opt/pmk/env/global/bin:/Applications/Wireshark.app/Contents/MacOS:/usr/local/share/dotnet:~/.dotnet/tools:/opt/homebrew/bin:/opt/homebrew/Cellar/openjdk@21/21.0.9/libexec/openjdk.jdk/Contents/Home/bin:/Users/macbook/.antigravity/antigravity/bin:/Users/macbook/.vscode/extensions/vscjava.vscode-java-debug-0.59.0/bundled/scripts/noConfigScripts
SHELL=/bin/zsh
LANG=C.UTF-8
TERM=xterm-256color
TMPDIR=/var/folders/nx/z2z3t0ts2y34gsps4x1h1p280000gn/T/

Active Locale:
LC_ALL=C.UTF-8
LC_COLLATE=C.UTF-8
LC_CTYPE=C.UTF-8
LC_MESSAGES=C.UTF-8
LC_MONETARY=C.UTF-8
LC_NUMERIC=C.UTF-8
LC_TIME=C.UTF-8

Signal Handlers:
   SIGSEGV: crash_handler in libjvm.dylib, mask=11100110000111110111111111111111, flags=SA_ONSTACK|SA_RESTART|SA_SIGINFO, unblocked
    SIGBUS: crash_handler in libjvm.dylib, mask=11100110000111110111111111111111, flags=SA_RESTART|SA_SIGINFO, unblocked
    SIGFPE: crash_handler in libjvm.dylib, mask=11100110000111110111111111111111, flags=SA_RESTART|SA_SIGINFO, unblocked
   SIGPIPE: javaSignalHandler in libjvm.dylib, mask=11100110000111110111111111111111, flags=SA_RESTART|SA_SIGINFO, blocked
   SIGXFSZ: javaSignalHandler in libjvm.dylib, mask=11100110000111110111111111111111, flags=SA_RESTART|SA_SIGINFO, blocked
    SIGILL: crash_handler in libjvm.dylib, mask=11100110000111110111111111111111, flags=SA_RESTART|SA_SIGINFO, unblocked
   SIGUSR2: SR_handler in libjvm.dylib, mask=00000000000000000000000000000000, flags=SA_RESTART|SA_SIGINFO, blocked
    SIGHUP: UserHandler in libjvm.dylib, mask=11100110000111110111111111111111, flags=SA_RESTART|SA_SIGINFO, blocked
    SIGINT: UserHandler in libjvm.dylib, mask=11100110000111110111111111111111, flags=SA_RESTART|SA_SIGINFO, blocked
   SIGTERM: UserHandler in libjvm.dylib, mask=11100110000111110111111111111111, flags=SA_RESTART|SA_SIGINFO, blocked
   SIGQUIT: UserHandler in libjvm.dylib, mask=11100110000111110111111111111111, flags=SA_RESTART|SA_SIGINFO, blocked
   SIGTRAP: crash_handler in libjvm.dylib, mask=11100110000111110111111111111111, flags=SA_RESTART|SA_SIGINFO, unblocked


Periodic native trim disabled

---------------  S Y S T E M  ---------------

OS:
uname: Darwin 25.3.0 Darwin Kernel Version 25.3.0: Wed Jan 28 20:53:31 PST 2026; root:xnu-12377.91.3~2/RELEASE_ARM64_T8103 arm64
OS uptime: 2 days 4:20 hours
rlimit (soft/hard): STACK 8176k/65520k , CORE 0k/infinity , NPROC 1333/2000 , NOFILE 1048576/infinity , AS infinity/infinity , CPU infinity/infinity , DATA infinity/infinity , FSIZE infinity/infinity , MEMLOCK infinity/infinity , RSS infinity/infinity
load average: 7.76 5.37 5.35

CPU: total 8 (initial active 8) 0x61:0x0:0x1b588bb3:0, fp, asimd, aes, pmull, sha1, sha256, crc32, lse, sha3, sha512
machdep.cpu.brand_string:Apple M1
hw.cachelinesize:128
hw.l1icachesize:131072
hw.l1dcachesize:65536
hw.l2cachesize:4194304

Memory: 16k page, physical 8388608k(199472k free), swap 4194304k(1764416k free)

vm_info: OpenJDK 64-Bit Server VM (21.0.9) for bsd-aarch64 JRE (21.0.9), built on 2025-10-13T07:49:24Z by "brew" with clang Apple LLVM 17.0.0 (clang-1700.3.19.1)

END.
